date,province,articles,risk_any_count,score_sum,score_avg,province_conf_avg
2016-04-03,Nghệ An,1,1,6.5,6.5,0.5833333333333333
2016-04-04,TP Hồ Chí Minh,1,0,0.0,0.0,0.8913043478260869
2016-04-04,UNKNOWN,1,1,6.0,6.0,0.0
2016-04-05,TP Hồ Chí Minh,1,1,2.5,2.5,0.9230769230769231
2016-04-05,UNKNOWN,1,1,7.5,7.5,0.0
2016-04-06,Cà Mau,1,1,2.5,2.5,0.7222222222222222
2016-04-06,TP Hồ Chí Minh,1,1,4.0,4.0,0.8888888888888888
2016-04-06,Thừa Thiên Huế,1,1,4.0,4.0,0.6428571428571428
2016-04-07,UNKNOWN,1,1,10.0,10.0,0.0
2016-04-09,TP Hồ Chí Minh,1,1,2.5,2.5,0.736842105263158
2016-04-10,UNKNOWN,1,0,0.0,0.0,0.0
2016-04-11,Khánh Hòa,1,1,4.0,4.0,0.75
2016-04-11,Kiên Giang,1,1,14.5,14.5,0.8484848484848485
2016-04-12,UNKNOWN,1,0,0.0,0.0,0.0
2016-04-13,Hà Nội,1,0,0.0,0.0,0.6875
2016-04-13,Kiên Giang,1,1,12.0,12.0,0.6875
2016-04-13,Sơn La,1,0,0.0,0.0,0.8529411764705882
2016-04-13,UNKNOWN,1,1,4.5,4.5,0.0
2016-04-13,Yên Bái,1,1,4.0,4.0,0.84375
2016-04-14,UNKNOWN,3,2,8.5,2.8333333333333335,0.0
2016-04-20,TP Hồ Chí Minh,2,1,5.0,2.5,0.7597254004576659
2016-04-21,Hòa Bình,1,1,3.5,3.5,0.5833333333333333
2016-04-23,Khánh Hòa,1,1,3.5,3.5,0.8484848484848485
2016-04-23,Quảng Bình,1,0,0.0,0.0,0.8734177215189873
2016-04-25,TP Hồ Chí Minh,1,1,7.5,7.5,0.736842105263158
2016-04-25,UNKNOWN,1,1,7.5,7.5,0.0
2016-04-26,Khánh Hòa,1,1,3.5,3.5,0.8387096774193549
2016-04-26,UNKNOWN,1,1,4.5,4.5,0.0
2016-04-28,TP Hồ Chí Minh,5,2,9.0,1.8,0.8309077040427155
2016-04-28,UNKNOWN,1,0,0.0,0.0,0.0
2016-04-28,Đà Nẵng,1,0,0.0,0.0,0.8507462686567164
2016-05-02,Nghệ An,1,1,6.0,6.0,0.6428571428571428
2016-05-04,Quảng Bình,1,1,13.0,13.0,0.736842105263158
2016-05-04,TP Hồ Chí Minh,3,3,11.0,3.6666666666666665,0.736842105263158
2016-05-04,UNKNOWN,1,0,0.0,0.0,0.0
2016-05-05,TP Hồ Chí Minh,2,2,9.5,4.75,0.7826086956521738
2016-05-05,Thừa Thiên Huế,1,0,0.0,0.0,0.7826086956521738
2016-05-05,Đà Nẵng,1,0,0.0,0.0,0.8701298701298701
2016-05-06,TP Hồ Chí Minh,1,0,0.0,0.0,0.84375
2016-05-09,Cần Thơ,1,1,9.5,9.5,0.8
2016-05-09,UNKNOWN,1,0,0.0,0.0,0.0
2016-05-10,UNKNOWN,1,0,0.0,0.0,0.0
2016-05-10,Đà Nẵng,1,0,0.0,0.0,0.7959183673469388
2016-05-11,Bà Rịa - Vũng Tàu,1,1,20.0,20.0,0.736842105263158
2016-05-11,Bình Dương,1,1,9.0,9.0,0.5833333333333333
2016-05-11,Kiên Giang,1,1,3.5,3.5,0.6428571428571428
2016-05-11,TP Hồ Chí Minh,1,0,0.0,0.0,0.736842105263158
2016-05-12,TP Hồ Chí Minh,2,2,12.5,6.25,0.7987117552334944
2016-05-12,UNKNOWN,1,0,0.0,0.0,0.0
2016-05-12,Đà Nẵng,1,0,0.0,0.0,0.5833333333333333
2016-05-15,Đà Nẵng,1,0,0.0,0.0,0.5833333333333333
2016-05-16,Cần Thơ,1,1,8.0,8.0,0.7619047619047619
2016-05-16,TP Hồ Chí Minh,1,1,8.5,8.5,0.8214285714285714
2016-05-18,TP Hồ Chí Minh,6,3,19.0,3.1666666666666665,0.8027473472519914
2016-05-18,UNKNOWN,1,0,0.0,0.0,0.0
2016-05-19,Nghệ An,1,1,9.0,9.0,0.863013698630137
2016-05-19,UNKNOWN,1,0,0.0,0.0,0.0
2016-05-20,TP Hồ Chí Minh,1,1,2.5,2.5,0.736842105263158
2016-05-20,UNKNOWN,1,0,0.0,0.0,0.0
2016-05-22,Quảng Nam,1,1,8.5,8.5,0.5833333333333333
2016-05-23,TP Hồ Chí Minh,2,0,0.0,0.0,0.736842105263158
2016-05-23,Đà Nẵng,1,1,6.5,6.5,0.8958333333333334
2016-05-25,Nghệ An,2,2,13.0,6.5,0.7433035714285714
2016-05-25,TP Hồ Chí Minh,1,1,5.0,5.0,0.9404761904761905
2016-05-25,UNKNOWN,1,1,3.5,3.5,0.0
2016-05-26,TP Hồ Chí Minh,1,0,0.0,0.0,0.7826086956521738
2016-05-27,UNKNOWN,1,1,5.0,5.0,0.0
2016-05-29,Thừa Thiên Huế,1,0,0.0,0.0,0.5833333333333333
2016-06-02,TP Hồ Chí Minh,2,1,5.0,2.5,0.8198757763975155
2016-06-04,UNKNOWN,1,1,7.5,7.5,0.0
2016-06-06,Hà Nội,1,1,3.5,3.5,0.8823529411764706
2016-06-06,Phú Yên,1,1,4.0,4.0,0.7619047619047619
2016-06-06,TP Hồ Chí Minh,2,1,8.5,4.25,0.8245614035087719
2016-06-09,TP Hồ Chí Minh,2,2,14.5,7.25,0.7597254004576659
2016-06-12,UNKNOWN,1,0,0.0,0.0,0.0
2016-06-13,Lào Cai,1,1,7.0,7.0,0.7619047619047619
2016-06-13,TP Hồ Chí Minh,1,1,3.5,3.5,0.736842105263158
2016-06-15,Bà Rịa - Vũng Tàu,1,1,4.5,4.5,0.7619047619047619
2016-06-16,TP Hồ Chí Minh,3,3,11.5,3.8333333333333335,0.8029891304347826
2016-06-20,TP Hồ Chí Minh,2,2,7.5,3.75,0.736842105263158
2016-06-21,UNKNOWN,2,1,6.0,3.0,0.0
2016-06-22,Quảng Ninh,1,1,5.0,5.0,0.9224806201550387
2016-06-23,TP Hồ Chí Minh,2,1,3.0,1.5,0.8106591865357644
2016-06-24,Nghệ An,1,1,9.0,9.0,0.75
2016-06-27,Nghệ An,1,1,3.0,3.0,0.75
2016-06-27,TP Hồ Chí Minh,2,0,0.0,0.0,0.712171052631579
2016-06-28,Lâm Đồng,1,1,6.0,6.0,0.736842105263158
2016-06-28,UNKNOWN,1,0,0.0,0.0,0.0
2016-06-29,Lào Cai,1,1,3.0,3.0,0.8876404494382022
2016-06-30,TP Hồ Chí Minh,1,1,6.5,6.5,0.7826086956521738
2016-07-02,TP Hồ Chí Minh,1,0,0.0,0.0,0.5833333333333333
2016-07-03,Ninh Bình,1,1,7.5,7.5,0.868421052631579
2016-07-03,TP Hồ Chí Minh,1,1,2.5,2.5,0.7826086956521738
2016-07-04,TP Hồ Chí Minh,2,2,10.5,5.25,0.7722672064777328
2016-07-05,TP Hồ Chí Minh,1,1,3.5,3.5,0.7826086956521738
2016-07-06,UNKNOWN,1,0,0.0,0.0,0.0
2016-07-07,TP Hồ Chí Minh,2,1,8.5,4.25,0.7597254004576659
2016-07-07,Đà Nẵng,1,1,3.5,3.5,0.7959183673469388
2016-07-10,Quảng Nam,1,1,6.5,6.5,0.5833333333333333
2016-07-11,Nghệ An,1,1,2.5,2.5,0.75
2016-07-11,TP Hồ Chí Minh,1,0,0.0,0.0,0.7826086956521738
2016-07-11,UNKNOWN,1,0,0.0,0.0,0.0
2016-07-13,UNKNOWN,2,2,9.5,4.75,0.0
2016-07-14,Nghệ An,1,1,3.5,3.5,0.8666666666666667
2016-07-14,TP Hồ Chí Minh,1,1,11.5,11.5,0.8214285714285714
2016-07-16,Nghệ An,1,0,0.0,0.0,0.5833333333333333
2016-07-18,TP Hồ Chí Minh,3,1,5.5,1.8333333333333333,0.7520976353928299
2016-07-21,TP Hồ Chí Minh,2,0,0.0,0.0,0.8106591865357644
2016-07-25,TP Hồ Chí Minh,1,1,6.0,6.0,0.9230769230769231
2016-07-26,TP Hồ Chí Minh,1,0,0.0,0.0,0.736842105263158
2016-07-26,UNKNOWN,1,0,0.0,0.0,0.0
2016-07-27,Kiên Giang,1,1,4.5,4.5,0.8275862068965517
2016-07-28,Bình Thuận,1,0,0.0,0.0,0.5833333333333333
2016-07-28,Nghệ An,1,0,0.0,0.0,0.6428571428571428
2016-07-28,TP Hồ Chí Minh,1,1,3.5,3.5,0.7826086956521738
2016-08-01,Hải Dương,1,1,4.5,4.5,0.5833333333333333
2016-08-01,Quảng Bình,1,1,7.5,7.5,0.9212598425196851
2016-08-01,TP Hồ Chí Minh,2,0,0.0,0.0,0.7597254004576659
2016-08-01,Thái Bình,1,1,4.0,4.0,0.6428571428571428
2016-08-02,UNKNOWN,1,0,0.0,0.0,0.0
2016-08-03,UNKNOWN,1,1,6.5,6.5,0.0
2016-08-04,TP Hồ Chí Minh,1,1,3.5,3.5,0.736842105263158
2016-08-05,Khánh Hòa,1,1,5.5,5.5,0.84375
2016-08-05,TP Hồ Chí Minh,1,1,9.0,9.0,0.8148148148148149
2016-08-06,Nghệ An,1,0,0.0,0.0,0.5833333333333333
2016-08-06,UNKNOWN,1,0,0.0,0.0,0.0
2016-08-08,TP Hồ Chí Minh,2,1,4.5,2.25,0.6973270440251572
2016-08-09,Thừa Thiên Huế,1,0,0.0,0.0,0.898989898989899
2016-08-10,Nghệ An,2,2,9.5,4.75,0.7096994535519126
2016-08-10,UNKNOWN,1,0,0.0,0.0,0.0
2016-08-11,TP Hồ Chí Minh,2,2,8.5,4.25,0.7350543478260869
2016-08-14,TP Hồ Chí Minh,1,0,0.0,0.0,0.9180327868852459
2016-08-15,Nghệ An,1,1,4.0,4.0,0.5833333333333333
2016-08-15,TP Hồ Chí Minh,1,1,3.5,3.5,0.736842105263158
2016-08-15,UNKNOWN,1,0,0.0,0.0,0.0
2016-08-18,TP Hồ Chí Minh,1,1,10.0,10.0,0.736842105263158
2016-08-21,Yên Bái,1,1,12.0,12.0,0.9038461538461539
2016-08-23,TP Hồ Chí Minh,1,1,4.0,4.0,0.8529411764705883
2016-08-23,UNKNOWN,2,1,2.5,1.25,0.0
2016-08-24,Kiên Giang,1,1,6.5,6.5,0.9122807017543859
2016-08-25,TP Hồ Chí Minh,2,1,4.0,2.0,0.736842105263158
2016-08-25,UNKNOWN,1,0,0.0,0.0,0.0
2016-08-25,Đà Nẵng,1,1,4.0,4.0,0.7619047619047619
2016-08-28,TP Hồ Chí Minh,1,0,0.0,0.0,0.736842105263158
2016-08-29,Kiên Giang,1,1,9.0,9.0,0.8888888888888888
2016-08-29,TP Hồ Chí Minh,1,1,3.0,3.0,0.8571428571428572
2016-08-30,Bình Dương,1,1,3.0,3.0,0.5833333333333333
2016-08-30,UNKNOWN,1,1,3.5,3.5,0.0
2016-08-31,TP Hồ Chí Minh,3,3,22.0,7.333333333333333,0.9058366402116403
2016-09-01,Lào Cai,1,1,4.5,4.5,0.7916666666666667
2016-09-01,TP Hồ Chí Minh,1,0,0.0,0.0,0.736842105263158
2016-09-01,UNKNOWN,1,0,0.0,0.0,0.0
2016-09-05,TP Hồ Chí Minh,2,1,5.5,2.75,0.8355263157894737
2016-09-07,TP Hồ Chí Minh,2,1,3.5,1.75,0.8280132085855806
2016-09-08,Nghệ An,1,1,9.5,9.5,0.6428571428571428
2016-09-08,TP Hồ Chí Minh,2,2,8.5,4.25,0.8350301659125189
2016-09-10,UNKNOWN,2,1,5.5,2.75,0.0
2016-09-12,Nghệ An,1,0,0.0,0.0,0.8360655737704918
2016-09-12,UNKNOWN,1,1,10.0,10.0,0.0
2016-09-13,TP Hồ Chí Minh,3,1,3.5,1.1666666666666667,0.8669108669108669
2016-09-13,UNKNOWN,1,0,0.0,0.0,0.0
2016-09-15,TP Hồ Chí Minh,1,1,7.0,7.0,0.8148148148148149
2016-09-15,Thừa Thiên Huế,1,1,5.0,5.0,0.5833333333333333
2016-09-17,Nghệ An,1,1,4.0,4.0,0.5833333333333333
2016-09-19,TP Hồ Chí Minh,2,2,7.5,3.75,0.736842105263158
2016-09-20,TP Hồ Chí Minh,1,0,0.0,0.0,0.7826086956521738
2016-09-21,Khánh Hòa,1,1,3.5,3.5,0.8
2016-09-21,Thừa Thiên Huế,1,1,7.5,7.5,0.5833333333333333
2016-09-22,TP Hồ Chí Minh,2,2,11.0,5.5,0.7597254004576659
2016-09-22,UNKNOWN,1,0,0.0,0.0,0.0
2016-09-26,Hải Phòng,1,0,0.0,0.0,0.9029126213592233
2016-09-26,Nghệ An,1,1,3.0,3.0,0.5833333333333333
2016-09-26,TP Hồ Chí Minh,2,1,7.0,3.5,0.8112535612535613
2016-09-26,UNKNOWN,1,1,2.5,2.5,0.0
2016-09-28,TP Hồ Chí Minh,1,0,0.0,0.0,0.9038461538461539
2016-09-29,Bình Dương,1,1,15.5,15.5,0.5833333333333333
2016-09-29,Hà Nội,1,1,3.5,3.5,0.8507462686567164
2016-09-29,TP Hồ Chí Minh,1,1,2.5,2.5,0.7826086956521738
2016-10-01,Cần Thơ,1,1,3.0,3.0,0.5833333333333333
2016-10-03,Bình Định,1,0,0.0,0.0,0.8507462686567164
2016-10-03,TP Hồ Chí Minh,2,2,13.0,6.5,0.736842105263158
2016-10-06,Lào Cai,1,1,7.0,7.0,0.7826086956521738
2016-10-06,TP Hồ Chí Minh,1,1,3.5,3.5,0.8148148148148149
2016-10-09,Bà Rịa - Vũng Tàu,1,1,6.5,6.5,0.8611111111111112
2016-10-09,UNKNOWN,1,1,3.5,3.5,0.0
2016-10-10,TP Hồ Chí Minh,1,1,7.0,7.0,0.8611111111111112
2016-10-11,UNKNOWN,1,0,0.0,0.0,0.0
2016-10-12,TP Hồ Chí Minh,2,1,6.5,3.25,0.8140732265446224
2016-10-12,UNKNOWN,1,0,0.0,0.0,0.0
2016-10-13,TP Hồ Chí Minh,1,1,6.5,6.5,0.7826086956521738
2016-10-13,UNKNOWN,1,1,3.5,3.5,0.0
2016-10-14,UNKNOWN,1,0,0.0,0.0,0.0
2016-10-17,TP Hồ Chí Minh,2,1,4.5,2.25,0.7758284600389864
2016-10-17,UNKNOWN,1,0,0.0,0.0,0.0
2016-10-19,Hà Nội,1,1,3.5,3.5,0.7959183673469388
2016-10-19,TP Hồ Chí Minh,2,1,9.0,4.5,0.8184210526315789
2016-10-19,UNKNOWN,1,0,0.0,0.0,0.0
2016-10-21,Nghệ An,1,1,13.0,13.0,0.5833333333333333
2016-10-21,TP Hồ Chí Minh,1,0,0.0,0.0,0.736842105263158
2016-10-24,TP Hồ Chí Minh,1,1,8.0,8.0,0.736842105263158
2016-10-24,UNKNOWN,1,0,0.0,0.0,0.0
2016-10-25,TP Hồ Chí Minh,1,1,4.0,4.0,0.7826086956521738
2016-10-26,Hà Nội,1,1,4.0,4.0,0.5833333333333333
2016-10-26,TP Hồ Chí Minh,1,1,5.0,5.0,0.736842105263158
2016-10-27,Kiên Giang,1,0,0.0,0.0,0.8461538461538461
2016-10-27,TP Hồ Chí Minh,2,2,14.0,7.0,0.7987117552334944
2016-10-29,Bà Rịa - Vũng Tàu,1,1,3.5,3.5,0.8113207547169812
2016-10-31,TP Hồ Chí Minh,2,2,10.5,5.25,0.7597254004576659
2016-11-01,TP Hồ Chí Minh,1,0,0.0,0.0,0.8876404494382022
2016-11-02,UNKNOWN,2,1,3.5,1.75,0.0
2016-11-03,TP Hồ Chí Minh,2,2,8.0,4.0,0.8079710144927537
2016-11-07,TP Hồ Chí Minh,1,1,11.0,11.0,0.736842105263158
2016-11-08,TP Hồ Chí Minh,1,0,0.0,0.0,0.7826086956521738
2016-11-09,TP Hồ Chí Minh,1,1,6.5,6.5,0.736842105263158
2016-11-09,UNKNOWN,3,3,15.0,5.0,0.0
2016-11-10,Quảng Nam,1,1,2.5,2.5,0.5833333333333333
2016-11-10,TP Hồ Chí Minh,2,1,2.5,1.25,0.7722672064777328
2016-11-10,UNKNOWN,1,1,3.5,3.5,0.0
2016-11-14,Kiên Giang,1,1,10.0,10.0,0.5833333333333333
2016-11-16,TP Hồ Chí Minh,1,0,0.0,0.0,0.736842105263158
2016-11-16,UNKNOWN,1,1,17.0,17.0,0.0
2016-11-17,Nghệ An,1,1,8.0,8.0,0.6428571428571428
2016-11-17,TP Hồ Chí Minh,2,2,7.0,3.5,0.8155467720685112
2016-11-21,Hải Phòng,1,0,0.0,0.0,0.5833333333333333
2016-11-21,TP Hồ Chí Minh,1,1,5.0,5.0,0.736842105263158
2016-11-24,TP Hồ Chí Minh,2,1,4.5,2.25,0.7597254004576659
2016-11-29,Sơn La,1,0,0.0,0.0,0.5833333333333333
2016-11-30,Cần Thơ,1,0,0.0,0.0,0.6428571428571428
2016-11-30,TP Hồ Chí Minh,1,1,2.5,2.5,0.8148148148148149
2016-11-30,UNKNOWN,2,0,0.0,0.0,0.0
2016-12-01,TP Hồ Chí Minh,2,1,3.5,1.75,0.8203441295546559
2016-12-02,UNKNOWN,1,0,0.0,0.0,0.0
2016-12-05,Bình Thuận,1,1,4.0,4.0,0.7826086956521738
2016-12-05,TP Hồ Chí Minh,1,1,10.5,10.5,0.736842105263158
2016-12-07,Lâm Đồng,1,1,7.0,7.0,0.8529411764705883
2016-12-08,Hưng Yên,1,0,0.0,0.0,0.5833333333333333
2016-12-08,TP Hồ Chí Minh,6,2,13.0,2.1666666666666665,0.7840363791927484
2016-12-12,TP Hồ Chí Minh,3,1,2.5,0.8333333333333334,0.8618655191545216
2016-12-13,TP Hồ Chí Minh,1,1,4.5,4.5,0.736842105263158
2016-12-14,Cần Thơ,1,1,6.5,6.5,0.6428571428571428
2016-12-14,TP Hồ Chí Minh,1,0,0.0,0.0,0.5833333333333333
2016-12-15,TP Hồ Chí Minh,1,1,4.0,4.0,0.736842105263158
2016-12-16,TP Hồ Chí Minh,2,1,3.5,1.75,0.736842105263158
2016-12-19,Khánh Hòa,1,1,9.5,9.5,0.8148148148148149
2016-12-19,TP Hồ Chí Minh,1,1,4.0,4.0,0.7826086956521738
2016-12-20,TP Hồ Chí Minh,1,1,2.5,2.5,0.8969072164948454
2016-12-21,Nghệ An,1,1,6.0,6.0,0.5833333333333333
2016-12-21,TP Hồ Chí Minh,1,1,7.0,7.0,0.9230769230769231
2016-12-22,TP Hồ Chí Minh,2,2,10.0,5.0,0.8902387041773232
2016-12-24,An Giang,1,1,3.0,3.0,0.5833333333333333
2016-12-26,TP Hồ Chí Minh,1,0,0.0,0.0,0.8214285714285714
2016-12-27,Bình Dương,1,1,18.0,18.0,0.6428571428571428
2016-12-27,Đà Nẵng,1,1,7.5,7.5,0.8412698412698413
2016-12-28,TP Hồ Chí Minh,5,4,14.0,2.8,0.803076318246597
2016-12-30,Kiên Giang,1,0,0.0,0.0,0.8666666666666667
2016-12-30,Long An,1,0,0.0,0.0,0.736842105263158
2017-01-04,TP Hồ Chí Minh,1,1,3.5,3.5,0.8148148148148149
2017-01-10,Bình Dương,1,1,4.0,4.0,0.75
2017-01-10,UNKNOWN,1,0,0.0,0.0,0.0
2017-01-11,TP Hồ Chí Minh,1,1,3.5,3.5,0.8333333333333334
2017-01-12,TP Hồ Chí Minh,1,1,7.0,7.0,0.736842105263158
2017-01-18,UNKNOWN,1,1,3.5,3.5,0.0
2017-01-19,Hà Nội,1,0,0.0,0.0,0.7959183673469388
2017-01-20,Thừa Thiên Huế,1,1,6.5,6.5,0.5833333333333333
2017-01-21,Quảng Ninh,2,2,8.0,4.0,0.7733274647887324
2017-01-21,UNKNOWN,1,0,0.0,0.0,0.0
2017-01-23,TP Hồ Chí Minh,1,1,7.5,7.5,0.868421052631579
2017-01-25,Lào Cai,1,1,6.5,6.5,0.8611111111111112
2017-01-25,TP Hồ Chí Minh,1,1,3.5,3.5,0.9122807017543859
2017-01-25,UNKNOWN,1,1,4.5,4.5,0.0
2017-01-25,Đà Nẵng,1,1,5.0,5.0,0.7619047619047619
2017-01-27,Hà Nội,1,1,3.5,3.5,0.5833333333333333
2017-01-28,Quảng Ninh,1,1,3.5,3.5,0.736842105263158
2017-02-03,Lào Cai,1,0,0.0,0.0,0.7222222222222222
2017-02-03,Tây Ninh,1,1,4.5,4.5,0.736842105263158
2017-02-03,Đà Nẵng,1,1,3.5,3.5,0.84375
2017-02-09,Bình Dương,1,1,8.5,8.5,0.5833333333333333
2017-02-09,Lào Cai,1,1,12.5,12.5,0.736842105263158
2017-02-09,TP Hồ Chí Minh,1,0,0.0,0.0,0.84375
2017-02-14,Đà Nẵng,1,1,6.5,6.5,0.8148148148148149
2017-02-15,UNKNOWN,1,1,4.0,4.0,0.0
2017-02-15,Đà Nẵng,1,1,3.5,3.5,0.8507462686567164
2017-02-16,TP Hồ Chí Minh,1,0,0.0,0.0,0.8387096774193549
2017-02-16,Đà Nẵng,1,1,6.5,6.5,0.7826086956521738
2017-02-17,Đà Nẵng,1,1,2.5,2.5,0.7959183673469388
2017-02-18,Ninh Thuận,1,1,3.5,3.5,0.8214285714285714
2017-02-19,UNKNOWN,1,0,0.0,0.0,0.0
2017-02-21,Quảng Nam,1,1,4.5,4.5,0.7619047619047619
2017-02-22,Lâm Đồng,1,1,3.0,3.0,0.8245614035087719
2017-02-23,Hà Nội,1,1,6.0,6.0,0.8924731182795699
2017-02-23,Lâm Đồng,1,1,7.5,7.5,0.5833333333333333
2017-02-23,TP Hồ Chí Minh,1,0,0.0,0.0,0.8076923076923077
2017-02-23,Thừa Thiên Huế,1,0,0.0,0.0,0.8734177215189873
2017-02-23,UNKNOWN,1,1,3.5,3.5,0.0
2017-02-25,UNKNOWN,1,1,5.0,5.0,0.0
2017-02-27,TP Hồ Chí Minh,1,1,2.5,2.5,0.736842105263158
2017-03-02,Thừa Thiên Huế,1,1,8.5,8.5,0.5833333333333333
2017-03-02,Đà Nẵng,1,1,3.0,3.0,0.8823529411764706
2017-03-04,TP Hồ Chí Minh,1,1,6.0,6.0,0.8571428571428572
2017-03-06,UNKNOWN,1,0,0.0,0.0,0.0
2017-03-08,Thanh Hóa,1,0,0.0,0.0,0.5833333333333333
2017-03-09,TP Hồ Chí Minh,1,1,5.0,5.0,0.736842105263158
2017-03-10,UNKNOWN,1,1,3.5,3.5,0.0
2017-03-12,Quảng Bình,1,1,4.0,4.0,0.8148148148148149
2017-03-15,TP Hồ Chí Minh,1,1,3.5,3.5,0.9
2017-03-25,Đà Nẵng,1,1,5.0,5.0,0.5833333333333333
2017-03-28,Thừa Thiên Huế,1,1,2.5,2.5,0.5833333333333333
2017-03-30,TP Hồ Chí Minh,1,1,7.5,7.5,0.736842105263158
2017-03-31,Nghệ An,1,1,5.0,5.0,0.5833333333333333
2017-04-02,TP Hồ Chí Minh,1,0,0.0,0.0,0.736842105263158
2017-04-05,TP Hồ Chí Minh,1,1,10.0,10.0,0.8913043478260869
2017-04-06,Thừa Thiên Huế,1,1,6.5,6.5,0.7727272727272727
2017-04-12,Hà Nội,1,0,0.0,0.0,0.5833333333333333
2017-04-13,TP Hồ Chí Minh,1,1,4.5,4.5,0.736842105263158
2017-04-15,UNKNOWN,1,1,7.5,7.5,0.0
2017-04-15,Đà Nẵng,1,1,5.0,5.0,0.5833333333333333
2017-04-17,UNKNOWN,1,1,3.0,3.0,0.0
2017-04-19,TP Hồ Chí Minh,1,1,4.0,4.0,0.8888888888888888
2017-04-20,TP Hồ Chí Minh,1,0,0.0,0.0,0.736842105263158
2017-04-20,UNKNOWN,1,0,0.0,0.0,0.0
2017-04-24,Thanh Hóa,1,1,8.5,8.5,0.75
2017-04-26,TP Hồ Chí Minh,1,1,6.5,6.5,0.9
2017-04-30,Thanh Hóa,1,1,2.5,2.5,0.911504424778761
2017-05-01,Bình Định,1,1,4.0,4.0,0.8571428571428572
2017-05-01,Khánh Hòa,1,1,4.5,4.5,0.9019607843137255
2017-05-01,UNKNOWN,1,1,13.0,13.0,0.0
2017-05-02,Kiên Giang,1,1,3.5,3.5,0.6428571428571428
2017-05-04,Lâm Đồng,1,1,3.5,3.5,0.6875
2017-05-08,Quảng Ninh,1,1,10.5,10.5,0.8734177215189873
2017-05-09,Khánh Hòa,1,1,3.5,3.5,0.8924731182795699
2017-05-17,Thanh Hóa,1,0,0.0,0.0,0.84375
2017-05-17,Đà Nẵng,1,1,15.5,15.5,0.7826086956521738
2017-05-18,TP Hồ Chí Minh,1,1,4.0,4.0,0.7826086956521738
2017-05-25,An Giang,1,1,6.0,6.0,0.900990099009901
2017-05-31,TP Hồ Chí Minh,1,0,0.0,0.0,0.8333333333333334
2017-06-02,UNKNOWN,1,1,3.5,3.5,0.0
2017-06-06,Cần Thơ,1,1,18.5,18.5,0.5833333333333333
2017-06-07,UNKNOWN,1,1,6.5,6.5,0.0
2017-06-07,Đồng Tháp,1,1,8.5,8.5,0.8924731182795699
2017-06-11,Hà Nam,1,0,0.0,0.0,0.736842105263158
2017-06-15,Hải Phòng,1,0,0.0,0.0,0.5833333333333333
2017-06-20,Bình Dương,1,1,6.0,6.0,0.5833333333333333
2017-06-21,TP Hồ Chí Minh,1,1,2.5,2.5,0.9333333333333333
2017-06-23,Đà Nẵng,1,0,0.0,0.0,0.5833333333333333
2017-06-28,TP Hồ Chí Minh,1,1,3.0,3.0,0.8484848484848485
2017-07-06,Bà Rịa - Vũng Tàu,1,1,4.0,4.0,0.5833333333333333
2017-07-07,Nam Định,1,0,0.0,0.0,0.5833333333333333
2017-07-11,Nghệ An,1,1,7.0,7.0,0.8113207547169812
2017-07-11,UNKNOWN,1,1,7.0,7.0,0.0
2017-07-13,Nghệ An,1,1,9.0,9.0,0.8666666666666667
2017-07-13,TP Hồ Chí Minh,1,1,4.5,4.5,0.8611111111111112
2017-07-18,Thừa Thiên Huế,1,0,0.0,0.0,0.6428571428571428
2017-07-19,UNKNOWN,1,0,0.0,0.0,0.0
2017-07-20,Bình Định,1,1,4.5,4.5,0.8876404494382022
2017-07-20,TP Hồ Chí Minh,1,0,0.0,0.0,0.736842105263158
2017-07-20,Thanh Hóa,1,1,3.5,3.5,0.8666666666666667
2017-07-23,Kiên Giang,1,1,4.0,4.0,0.75
2017-07-25,Thanh Hóa,1,0,0.0,0.0,0.855072463768116
2017-07-27,Lào Cai,1,0,0.0,0.0,0.8275862068965517
2017-07-31,Bình Thuận,1,1,3.5,3.5,0.736842105263158
2017-07-31,Nghệ An,1,1,4.5,4.5,0.6875
2017-08-01,UNKNOWN,1,0,0.0,0.0,0.0
2017-08-05,Kiên Giang,1,1,3.5,3.5,0.75
2017-08-06,Đồng Nai,1,1,3.5,3.5,0.6428571428571428
2017-08-07,Hà Nội,1,1,2.5,2.5,0.8591549295774648
2017-08-08,Hà Nội,1,1,3.5,3.5,0.75
2017-08-10,Thanh Hóa,1,1,5.5,5.5,0.8461538461538461
2017-08-17,Bắc Kạn,1,0,0.0,0.0,0.8275862068965517
2017-08-17,Thanh Hóa,1,1,7.5,7.5,0.84375
2022-08-09,TP Hồ Chí Minh,1,1,5.0,5.0,0.8333333333333334
2022-11-27,Hà Giang,1,1,4.0,4.0,0.7619047619047619
2023-12-16,TP Hồ Chí Minh,1,1,16.0,16.0,0.736842105263158
2024-01-03,Điện Biên,1,0,0.0,0.0,0.736842105263158
2024-01-16,Thanh Hóa,1,0,0.0,0.0,0.9382716049382716
2024-01-18,UNKNOWN,1,0,0.0,0.0,0.0
2024-01-29,Hà Nam,1,1,4.0,4.0,0.5833333333333333
2024-02-15,Kiên Giang,1,0,0.0,0.0,0.8924731182795699
2024-03-25,Kiên Giang,1,1,2.5,2.5,0.9290780141843972
2024-05-31,TP Hồ Chí Minh,1,0,0.0,0.0,0.8717948717948718
2024-06-01,UNKNOWN,1,0,0.0,0.0,0.0
2024-07-05,Quảng Ninh,1,1,4.0,4.0,0.9186991869918699
2024-08-31,Ninh Bình,1,1,3.0,3.0,0.8969072164948454
2025-01-17,Đà Nẵng,1,1,4.0,4.0,0.8823529411764706
2025-02-01,Kon Tum,1,1,4.5,4.5,0.8148148148148149
2025-05-01,Quảng Ngãi,1,1,4.0,4.0,0.9065420560747663
2025-08-03,Quảng Bình,1,1,6.5,6.5,0.863013698630137
2025-08-11,Thừa Thiên Huế,1,1,4.5,4.5,0.7619047619047619
2025-09-04,Lào Cai,1,1,4.0,4.0,0.8876404494382022
2025-09-04,Lâm Đồng,1,1,12.0,12.0,0.8717948717948718
2025-09-04,TP Hồ Chí Minh,2,2,7.0,3.5,0.877028397565923
2025-09-04,UNKNOWN,2,1,4.0,2.0,0.0
2025-09-05,Gia Lai,1,1,14.0,14.0,0.8648648648648649
2025-09-05,Hà Nội,6,5,33.0,5.5,0.8284623136138864
2025-09-05,Lâm Đồng,1,1,14.0,14.0,0.8360655737704918
2025-09-05,Nghệ An,2,2,25.0,12.5,0.8142857142857143
2025-09-05,Ninh Thuận,1,0,0.0,0.0,0.8969072164948454
2025-09-05,Phú Thọ,2,1,17.0,8.5,0.866723259762309
2025-09-05,Quảng Bình,1,1,3.5,3.5,0.875
2025-09-05,TP Hồ Chí Minh,6,3,18.0,3.0,0.829548244705204
2025-09-05,Thanh Hóa,1,1,10.5,10.5,0.6428571428571428
2025-09-05,Thái Nguyên,1,1,3.5,3.5,0.8888888888888888
2025-09-05,UNKNOWN,5,5,30.0,6.0,0.0
2025-09-05,Điện Biên,1,0,0.0,0.0,0.736842105263158
2025-09-05,Đà Nẵng,3,2,15.5,5.166666666666667,0.8726566116968902
2025-09-05,Đắk Lắk,1,1,3.0,3.0,0.6875
2025-09-06,An Giang,1,1,2.5,2.5,0.8666666666666667
2025-09-06,Bình Dương,1,1,5.5,5.5,0.5833333333333333
2025-09-06,Cà Mau,1,1,4.0,4.0,0.900990099009901
2025-09-06,Gia Lai,1,1,13.5,13.5,0.8
2025-09-06,Hà Nội,4,2,16.0,4.0,0.8586509060736502
2025-09-06,Hòa Bình,3,1,2.5,0.8333333333333334,0.6230158730158729
2025-09-06,Hưng Yên,1,0,0.0,0.0,0.8148148148148149
2025-09-06,Hải Phòng,2,1,4.5,2.25,0.82640424590889
2025-09-06,Khánh Hòa,2,1,10.5,5.25,0.9025820486143952
2025-09-06,Lai Châu,1,1,2.5,2.5,0.8876404494382022
2025-09-06,Lâm Đồng,3,3,18.5,6.166666666666667,0.8424312146486436
2025-09-06,Nghệ An,1,1,6.0,6.0,0.8214285714285714
2025-09-06,Ninh Bình,1,1,5.5,5.5,0.736842105263158
2025-09-06,Phú Thọ,1,1,6.5,6.5,0.8969072164948454
2025-09-06,Quảng Ninh,1,1,3.5,3.5,0.8901098901098902
2025-09-06,TP Hồ Chí Minh,6,6,37.0,6.166666666666667,0.8493684168844541
2025-09-06,Thanh Hóa,1,1,2.5,2.5,0.868421052631579
2025-09-06,Thái Nguyên,2,2,17.0,8.5,0.82307249712313
2025-09-06,Thừa Thiên Huế,1,0,0.0,0.0,0.8888888888888888
2025-09-06,UNKNOWN,5,4,23.5,4.7,0.0
2025-09-06,Điện Biên,2,2,25.0,12.5,0.7127329192546583
2025-09-06,Đà Nẵng,4,2,13.0,3.25,0.8501096090610157
2025-09-06,Đắk Lắk,2,2,32.5,16.25,0.7913043478260869
2025-09-06,Đồng Nai,2,1,7.0,3.5,0.9009661835748792
2025-09-07,Bình Dương,1,1,20.0,20.0,0.5833333333333333
2025-09-07,Gia Lai,1,1,13.0,13.0,0.7826086956521738
2025-09-07,Hà Nội,7,5,37.0,5.285714285714286,0.7188391926165634
2025-09-07,Hải Phòng,2,0,0.0,0.0,0.881786941580756
2025-09-07,Lâm Đồng,1,1,3.5,3.5,0.8936170212765957
2025-09-07,Nghệ An,4,4,46.0,11.5,0.7433336053385557
2025-09-07,Ninh Bình,1,1,15.0,15.0,0.9236641221374046
2025-09-07,Phú Thọ,1,1,12.5,12.5,0.8275862068965517
2025-09-07,Quảng Nam,1,0,0.0,0.0,0.9264705882352942
2025-09-07,Quảng Ngãi,1,1,4.5,4.5,0.8
2025-09-07,TP Hồ Chí Minh,5,4,33.0,6.6,0.8223886639676113
2025-09-07,Thanh Hóa,2,1,3.0,1.5,0.8051948051948052
2025-09-07,UNKNOWN,1,1,5.5,5.5,0.0
2025-09-07,Đắk Lắk,1,1,13.5,13.5,0.8275862068965517
2025-09-07,Đồng Nai,1,1,6.0,6.0,0.8
2025-09-08,Khánh Hòa,1,0,0.0,0.0,0.5833333333333333
2025-09-08,UNKNOWN,2,0,0.0,0.0,0.0
2025-09-09,Phú Yên,1,1,16.5,16.5,0.7619047619047619
2025-09-09,TP Hồ Chí Minh,1,0,0.0,0.0,0.736842105263158
2025-09-10,TP Hồ Chí Minh,2,2,8.5,4.25,0.9369047619047619
2025-09-10,UNKNOWN,1,0,0.0,0.0,0.0
2025-09-10,Đồng Tháp,1,0,0.0,0.0,0.6428571428571428
2025-09-11,Thừa Thiên Huế,1,1,5.5,5.5,0.5833333333333333
2025-09-11,UNKNOWN,1,1,3.0,3.0,0.0
2025-09-12,Nghệ An,1,0,0.0,0.0,0.7435897435897436
2025-09-13,Nghệ An,1,1,17.0,17.0,0.5833333333333333
2025-09-13,Quảng Ngãi,1,1,6.5,6.5,0.736842105263158
2025-09-13,TP Hồ Chí Minh,1,1,4.5,4.5,0.9390243902439024
2025-09-14,TP Hồ Chí Minh,1,1,2.5,2.5,0.9315068493150684
2025-09-14,Đồng Tháp,1,1,4.5,4.5,0.5833333333333333
2025-09-15,Bình Dương,1,1,6.5,6.5,0.5833333333333333
2025-09-15,Khánh Hòa,1,0,0.0,0.0,0.868421052631579
2025-09-15,Nghệ An,1,0,0.0,0.0,0.5833333333333333
2025-09-15,TP Hồ Chí Minh,1,0,0.0,0.0,0.9074074074074074
2025-09-15,UNKNOWN,1,1,14.0,14.0,0.0
2025-09-16,Bà Rịa - Vũng Tàu,1,1,4.0,4.0,0.7916666666666667
2025-09-16,Quảng Ninh,1,1,9.5,9.5,0.736842105263158
2025-09-16,TP Hồ Chí Minh,1,0,0.0,0.0,0.9056603773584906
2025-09-17,Nghệ An,2,1,8.0,4.0,0.7489648033126294
2025-09-18,Nghệ An,2,1,3.5,1.75,0.7096994535519126
2025-09-18,TP Hồ Chí Minh,1,1,2.5,2.5,0.9056603773584906
2025-09-18,Đồng Tháp,1,0,0.0,0.0,0.5833333333333333
2025-09-19,Hà Nội,1,1,8.0,8.0,0.5833333333333333
2025-09-19,TP Hồ Chí Minh,2,0,0.0,0.0,0.8350877192982457
2025-09-20,TP Hồ Chí Minh,2,2,15.0,7.5,0.8198757763975155
2025-09-20,UNKNOWN,1,1,20.0,20.0,0.0
2025-09-22,Hà Nội,1,1,8.5,8.5,0.6428571428571428
2025-09-22,Nghệ An,1,1,2.5,2.5,0.6875
2025-09-23,Hà Nội,1,1,3.5,3.5,0.8
2025-09-23,Hà Tĩnh,1,1,2.5,2.5,0.8148148148148149
2025-09-23,Hải Phòng,1,0,0.0,0.0,0.6875
2025-09-23,Khánh Hòa,1,1,5.0,5.0,0.8924731182795699
2025-09-23,TP Hồ Chí Minh,1,1,5.0,5.0,0.736842105263158
2025-09-23,UNKNOWN,2,1,6.5,3.25,0.0
2025-09-24,Cà Mau,1,1,3.5,3.5,0.84375
2025-09-24,Lâm Đồng,1,1,6.0,6.0,0.5833333333333333
2025-09-24,Nghệ An,1,1,5.0,5.0,0.5833333333333333
2025-09-24,UNKNOWN,2,1,11.5,5.75,0.0
2025-09-25,Hà Nội,1,1,6.5,6.5,0.6428571428571428
2025-09-25,Hải Dương,1,1,6.0,6.0,0.5833333333333333
2025-09-25,Quảng Ninh,1,1,4.0,4.0,0.9342105263157895
2025-09-25,Quảng Trị,1,0,0.0,0.0,0.8795180722891567
2025-09-25,TP Hồ Chí Minh,1,1,6.5,6.5,0.8387096774193549
2025-09-26,Nghệ An,1,0,0.0,0.0,0.5833333333333333
2025-09-26,TP Hồ Chí Minh,1,1,5.0,5.0,0.8148148148148149
2025-09-27,Nghệ An,1,0,0.0,0.0,0.6428571428571428
2025-09-27,TP Hồ Chí Minh,1,1,4.0,4.0,0.875
2025-09-28,Ninh Bình,1,0,0.0,0.0,0.868421052631579
2025-09-28,Quảng Ninh,1,1,4.0,4.0,0.8245614035087719
2025-09-28,UNKNOWN,1,1,5.0,5.0,0.0
2025-09-29,Khánh Hòa,2,0,0.0,0.0,0.8570571771291484
2025-09-29,Kiên Giang,1,1,2.5,2.5,0.6875
2025-09-29,TP Hồ Chí Minh,1,1,6.0,6.0,0.8148148148148149
2025-09-30,Bình Dương,1,1,8.0,8.0,0.5833333333333333
2025-09-30,TP Hồ Chí Minh,1,1,7.0,7.0,0.9305555555555556
2025-09-30,Thừa Thiên Huế,1,0,0.0,0.0,0.8823529411764706
2025-10-01,Hà Nội,1,1,10.5,10.5,0.8
2025-10-01,Nghệ An,1,1,4.0,4.0,0.5833333333333333
2025-10-01,TP Hồ Chí Minh,1,0,0.0,0.0,0.8214285714285714
2025-10-01,UNKNOWN,1,1,13.0,13.0,0.0
2025-10-02,TP Hồ Chí Minh,1,1,9.5,9.5,0.8333333333333334
2025-10-02,Đà Nẵng,1,0,0.0,0.0,0.9029126213592233
2025-10-03,Thanh Hóa,1,0,0.0,0.0,0.8717948717948718
2025-10-03,UNKNOWN,1,0,0.0,0.0,0.0
2025-10-04,Cần Thơ,1,1,12.0,12.0,0.5833333333333333
2025-10-04,Hà Nội,1,1,4.5,4.5,0.84375
2025-10-04,TP Hồ Chí Minh,2,2,18.0,9.0,0.8379332477535302
2025-10-04,Đà Nẵng,1,1,12.5,12.5,0.7222222222222222
2025-10-05,Cần Thơ,1,1,6.5,6.5,0.5833333333333333
2025-10-05,Hà Nội,1,1,8.5,8.5,0.8
2025-10-05,Hậu Giang,1,1,4.0,4.0,0.7826086956521738
2025-10-05,Nghệ An,1,0,0.0,0.0,0.7222222222222222
2025-10-06,TP Hồ Chí Minh,1,1,2.5,2.5,0.7826086956521738
2025-10-07,Kiên Giang,1,1,4.0,4.0,0.8
2025-10-07,Quảng Nam,1,1,3.5,3.5,0.7222222222222222
2025-10-07,TP Hồ Chí Minh,3,0,0.0,0.0,0.80293325907361
2025-10-07,UNKNOWN,1,0,4.0,4.0,0.0
2025-10-08,TP Hồ Chí Minh,3,2,5.5,1.8333333333333333,0.8796729840208101
2025-10-08,Tiền Giang,1,0,0.0,0.0,0.8245614035087719
2025-10-08,UNKNOWN,1,1,17.5,17.5,0.0
2025-10-09,Kiên Giang,1,1,4.5,4.5,0.8
2025-10-09,Lào Cai,1,1,4.0,4.0,0.8148148148148149
2025-10-09,TP Hồ Chí Minh,3,3,14.0,4.666666666666667,0.9198023795119984
2025-10-10,Hà Giang,1,1,12.0,12.0,0.5833333333333333
2025-10-10,UNKNOWN,1,1,3.5,3.5,0.0
2025-10-10,Đà Nẵng,1,1,3.5,3.5,0.7727272727272727
2025-10-11,TP Hồ Chí Minh,4,3,14.5,3.625,0.8189652643313972
2025-10-11,Đồng Tháp,1,1,6.5,6.5,0.8
2025-10-12,TP Hồ Chí Minh,2,2,16.0,8.0,0.8181216931216931
2025-10-12,UNKNOWN,1,1,3.5,3.5,0.0
2025-10-12,Đà Nẵng,1,1,6.5,6.5,0.75
2025-10-13,TP Hồ Chí Minh,1,1,10.5,10.5,0.8837209302325582
2025-10-14,Quảng Bình,1,1,2.5,2.5,0.855072463768116
2025-10-14,Sơn La,1,1,3.5,3.5,0.8333333333333334
2025-10-14,UNKNOWN,1,1,5.5,5.5,0.0
2025-10-15,Cần Thơ,1,1,6.0,6.0,0.8823529411764706
2025-10-15,TP Hồ Chí Minh,6,2,11.0,1.8333333333333333,0.856700589576257
2025-10-15,UNKNOWN,2,1,2.5,1.25,0.0
2025-10-16,TP Hồ Chí Minh,1,0,0.0,0.0,0.927536231884058
2025-10-16,Đà Nẵng,2,1,12.5,6.25,0.6916666666666667
2025-10-17,Hà Nội,1,1,7.0,7.0,0.6875
2025-10-17,Khánh Hòa,1,1,3.5,3.5,0.7826086956521738
2025-10-17,Quảng Ninh,1,1,6.5,6.5,0.8076923076923077
2025-10-17,TP Hồ Chí Minh,1,0,0.0,0.0,0.736842105263158
2025-10-18,Bà Rịa - Vũng Tàu,1,1,5.0,5.0,0.8214285714285714
2025-10-18,Nghệ An,1,1,7.0,7.0,0.6875
2025-10-19,TP Hồ Chí Minh,1,0,0.0,0.0,0.8611111111111112
2025-10-20,Quảng Bình,1,1,9.0,9.0,0.855072463768116
2025-10-20,TP Hồ Chí Minh,1,1,8.0,8.0,0.9180327868852459
2025-10-20,Đà Nẵng,2,1,4.5,2.25,0.8
2025-10-21,TP Hồ Chí Minh,1,0,0.0,0.0,0.736842105263158
2025-10-21,Thừa Thiên Huế,1,1,8.0,8.0,0.5833333333333333
2025-10-22,An Giang,1,1,8.5,8.5,0.8901098901098901
2025-10-22,Kiên Giang,1,0,0.0,0.0,0.75
2025-10-22,TP Hồ Chí Minh,2,1,6.0,3.0,0.8386591478696742
2025-10-23,Bình Định,1,1,3.0,3.0,0.6428571428571428
2025-10-23,TP Hồ Chí Minh,1,1,2.5,2.5,0.9315068493150684
2025-10-23,UNKNOWN,1,1,13.5,13.5,0.0
2025-10-24,Hà Giang,1,1,8.5,8.5,0.8
2025-10-24,Hà Nội,1,0,0.0,0.0,0.6428571428571428
2025-10-24,TP Hồ Chí Minh,1,1,6.0,6.0,0.736842105263158
2025-10-24,Yên Bái,1,1,3.5,3.5,0.8148148148148149
2025-10-25,Nghệ An,1,0,0.0,0.0,0.5833333333333333
2025-10-25,TP Hồ Chí Minh,1,1,3.0,3.0,0.7826086956521738
2025-10-26,Kiên Giang,1,1,5.0,5.0,0.7727272727272727
2025-10-27,Nghệ An,1,0,0.0,0.0,0.863013698630137
2025-10-27,TP Hồ Chí Minh,1,1,3.5,3.5,0.9122807017543859
2025-10-28,Hà Nội,1,1,3.5,3.5,0.75
2025-10-28,Kiên Giang,1,1,4.0,4.0,0.75
2025-10-28,Lào Cai,1,1,5.5,5.5,0.5833333333333333
2025-10-28,TP Hồ Chí Minh,1,0,0.0,0.0,0.8888888888888888
2025-10-29,UNKNOWN,1,1,3.5,3.5,0.0
2025-10-30,Hà Nội,1,1,4.5,4.5,0.75
2025-10-30,UNKNOWN,1,1,12.0,12.0,0.0
2025-10-31,Hà Nội,1,1,6.0,6.0,0.75
2025-10-31,TP Hồ Chí Minh,1,0,0.0,0.0,0.8888888888888888
2025-11-01,Nghệ An,1,1,3.5,3.5,0.7619047619047619
2025-11-01,TP Hồ Chí Minh,3,1,2.5,0.8333333333333334,0.8887269783444648
2025-11-01,UNKNOWN,1,0,0.0,0.0,0.0
2025-11-02,Kiên Giang,1,1,5.0,5.0,0.5833333333333333
2025-11-02,Nghệ An,1,1,3.5,3.5,0.5833333333333333
2025-11-02,Quảng Ninh,1,0,0.0,0.0,0.7727272727272727
2025-11-03,Nghệ An,1,1,10.5,10.5,0.6428571428571428
2025-11-03,Đồng Tháp,1,1,5.5,5.5,0.8387096774193549
2025-11-04,Hà Nội,1,0,0.0,0.0,0.7222222222222222
2025-11-04,Nghệ An,1,0,0.0,0.0,0.5833333333333333
2025-11-04,Điện Biên,1,1,5.5,5.5,0.7619047619047619
2025-11-05,Hà Nội,1,1,5.0,5.0,0.8
2025-11-05,Lào Cai,1,1,3.0,3.0,0.6428571428571428
2025-11-05,Đà Nẵng,1,1,12.0,12.0,0.8
2025-11-06,Bình Dương,1,0,0.0,0.0,0.5833333333333333
2025-11-06,Khánh Hòa,1,1,9.0,9.0,0.875
2025-11-06,Lâm Đồng,1,0,0.0,0.0,0.9019607843137255
2025-11-07,Hòa Bình,1,1,3.5,3.5,0.5833333333333333
2025-11-07,Yên Bái,1,1,3.5,3.5,0.6875
2025-11-08,Hà Nội,1,0,0.0,0.0,0.5833333333333333
2025-11-08,UNKNOWN,1,1,3.5,3.5,0.0
2025-11-09,TP Hồ Chí Minh,1,1,6.5,6.5,0.736842105263158
2025-11-10,Kiên Giang,1,1,7.0,7.0,0.5833333333333333
2025-11-10,TP Hồ Chí Minh,1,1,10.5,10.5,0.8387096774193549
2025-11-11,Khánh Hòa,1,1,12.0,12.0,0.868421052631579
2025-11-11,Kiên Giang,1,0,0.0,0.0,0.5833333333333333
2025-11-11,Quảng Ninh,1,1,2.5,2.5,0.9130434782608696
2025-11-11,TP Hồ Chí Minh,2,1,7.0,3.5,0.9005847953216374
2025-11-11,Tây Ninh,1,1,8.0,8.0,0.84375
2025-11-11,UNKNOWN,1,1,3.5,3.5,0.0
2025-11-11,Đà Nẵng,1,1,6.0,6.0,0.5833333333333333
2025-11-12,Cà Mau,1,0,0.0,0.0,0.8591549295774648
2025-11-12,Gia Lai,1,1,10.0,10.0,0.7826086956521738
2025-11-12,Hà Nội,1,0,0.0,0.0,0.92
2025-11-12,Lào Cai,1,1,6.5,6.5,0.6428571428571428
2025-11-12,Ninh Bình,1,1,3.5,3.5,0.927536231884058
2025-11-12,TP Hồ Chí Minh,2,2,12.5,6.25,0.8418253079507279
2025-11-12,UNKNOWN,1,1,9.5,9.5,0.0
2025-11-12,Điện Biên,1,1,19.0,19.0,0.736842105263158
2025-11-12,Đà Nẵng,1,1,3.5,3.5,0.7222222222222222
2025-11-13,An Giang,1,1,3.5,3.5,0.8850574712643678
2025-11-13,Cà Mau,2,1,5.0,2.5,0.8933455807307613
2025-11-13,Cần Thơ,1,1,9.5,9.5,0.8148148148148149
2025-11-13,Hà Nội,8,5,27.5,3.4375,0.8870709125349874
2025-11-13,Hưng Yên,1,1,10.5,10.5,0.9065420560747663
2025-11-13,Hải Phòng,1,0,0.0,0.0,0.8969072164948454
2025-11-13,Lâm Đồng,1,1,3.0,3.0,0.8507462686567164
2025-11-13,Ninh Bình,1,1,8.0,8.0,0.8387096774193549
2025-11-13,Quảng Nam,1,1,16.0,16.0,0.8666666666666667
2025-11-13,TP Hồ Chí Minh,5,4,38.5,7.7,0.872128168930935
2025-11-13,UNKNOWN,1,0,0.0,0.0,0.0
2025-11-13,Điện Biên,1,1,5.5,5.5,0.736842105263158
2025-11-13,Đà Nẵng,2,2,28.5,14.25,0.8417993973310374
2025-11-13,Đồng Nai,2,2,20.0,10.0,0.8081800887761573
2025-11-14,Bắc Ninh,1,1,4.5,4.5,0.8795180722891567
2025-11-14,Hà Nội,2,2,13.0,6.5,0.8304473304473304
2025-11-14,Khánh Hòa,1,0,0.0,0.0,0.8780487804878049
2025-11-14,Lào Cai,2,1,17.0,8.5,0.7543532338308457
2025-11-14,Nghệ An,1,1,8.5,8.5,0.8507462686567164
2025-11-14,TP Hồ Chí Minh,6,6,41.0,6.833333333333333,0.94386228068895
2025-11-14,Thừa Thiên Huế,3,3,33.5,11.166666666666666,0.7348484848484848
2025-11-14,Tuyên Quang,1,1,6.5,6.5,0.5833333333333333
2025-11-14,UNKNOWN,1,1,6.0,6.0,0.0
2025-11-15,Lâm Đồng,1,1,8.0,8.0,0.6875
2025-11-15,Quảng Ninh,1,1,3.5,3.5,0.9130434782608696
2025-11-15,TP Hồ Chí Minh,1,0,0.0,0.0,0.945054945054945
2025-11-16,UNKNOWN,1,1,18.5,18.5,0.0
2025-11-17,TP Hồ Chí Minh,2,1,7.0,3.5,0.7877758913412565
2025-11-17,UNKNOWN,2,2,27.5,13.75,0.0
2025-11-18,Nghệ An,1,1,4.5,4.5,0.6875
2025-11-18,Ninh Bình,1,1,3.5,3.5,0.8837209302325582
2025-11-18,UNKNOWN,2,2,6.5,3.25,0.0
2025-11-18,Đà Nẵng,1,0,0.0,0.0,0.7916666666666667
2025-11-19,Hà Nội,1,0,0.0,0.0,0.6428571428571428
2025-11-19,TP Hồ Chí Minh,1,1,3.5,3.5,0.8333333333333334
2025-11-19,UNKNOWN,1,1,6.5,6.5,0.0
2025-11-20,An Giang,1,1,5.0,5.0,0.8666666666666667
2025-11-20,Hà Nội,1,1,7.5,7.5,0.6875
2025-11-20,TP Hồ Chí Minh,5,1,6.0,1.2,0.8486945420297018
2025-11-21,An Giang,1,1,6.0,6.0,0.8113207547169812
2025-11-21,TP Hồ Chí Minh,1,1,4.0,4.0,0.9315068493150684
2025-11-22,Kiên Giang,1,1,4.5,4.5,0.863013698630137
2025-11-22,TP Hồ Chí Minh,1,0,0.0,0.0,0.84375
2025-11-23,Khánh Hòa,1,1,10.5,10.5,0.8901098901098902
2025-11-24,Lào Cai,1,1,4.5,4.5,0.5833333333333333
2025-11-24,TP Hồ Chí Minh,2,1,5.5,2.75,0.7850877192982457
2025-11-25,TP Hồ Chí Minh,1,1,7.5,7.5,0.8387096774193549
2025-11-25,Thanh Hóa,1,0,0.0,0.0,0.5833333333333333
2025-11-25,UNKNOWN,1,1,3.5,3.5,0.0
2025-11-26,Cà Mau,1,1,3.5,3.5,0.84375
2025-11-26,Hà Nội,1,1,3.5,3.5,0.6428571428571428
2025-11-26,Nghệ An,1,0,0.0,0.0,0.5833333333333333
2025-11-26,TP Hồ Chí Minh,2,1,7.5,3.75,0.7969924812030076
2025-11-26,UNKNOWN,1,1,4.5,4.5,0.0
2025-11-27,Bình Dương,1,1,6.0,6.0,0.5833333333333333
2025-11-27,TP Hồ Chí Minh,3,1,3.5,1.1666666666666667,0.8608891774027098
2025-11-27,Đồng Tháp,1,1,6.5,6.5,0.8148148148148149
2025-11-28,TP Hồ Chí Minh,2,2,10.0,5.0,0.865967365967366
2025-11-29,TP Hồ Chí Minh,1,0,0.0,0.0,0.8076923076923077
2025-11-29,UNKNOWN,1,1,3.5,3.5,0.0
2025-11-30,Nghệ An,1,1,9.0,9.0,0.5833333333333333
2025-11-30,Quảng Trị,1,0,0.0,0.0,0.8245614035087719
2025-11-30,TP Hồ Chí Minh,2,2,16.0,8.0,0.8406432748538012
2025-11-30,Tiền Giang,1,1,4.5,4.5,0.8148148148148149
2025-12-01,Cần Thơ,1,1,3.0,3.0,0.8412698412698413
2025-12-01,Lâm Đồng,1,0,0.0,0.0,0.5833333333333333
2025-12-01,TP Hồ Chí Minh,1,1,3.0,3.0,0.7826086956521738
2025-12-01,UNKNOWN,2,1,3.5,1.75,0.0
2025-12-02,UNKNOWN,1,1,3.5,3.5,0.0
2025-12-03,UNKNOWN,1,0,0.0,0.0,0.0
2025-12-03,Đồng Tháp,1,1,4.0,4.0,0.8275862068965517
2025-12-04,Cần Thơ,1,1,4.0,4.0,0.8823529411764706
2025-12-04,Quảng Trị,1,0,0.0,0.0,0.8947368421052632
2025-12-04,TP Hồ Chí Minh,4,3,23.0,5.75,0.8281709709055247
2025-12-04,UNKNOWN,2,1,17.5,8.75,0.0
2025-12-05,Lâm Đồng,1,1,3.0,3.0,0.8275862068965517
2025-12-05,TP Hồ Chí Minh,1,1,11.0,11.0,0.8387096774193549
2025-12-05,UNKNOWN,1,1,12.5,12.5,0.0
2025-12-05,Đà Nẵng,1,0,0.0,0.0,0.5833333333333333
2025-12-05,Đồng Tháp,1,1,4.5,4.5,0.8571428571428572
2025-12-06,Kiên Giang,1,1,4.0,4.0,0.75
2025-12-06,TP Hồ Chí Minh,2,2,11.0,5.5,0.8602375960866527
2025-12-07,Cà Mau,1,1,6.5,6.5,0.8484848484848485
2025-12-07,Kiên Giang,1,1,3.5,3.5,0.8
2025-12-07,Nghệ An,1,1,12.5,12.5,0.5833333333333333
2025-12-07,TP Hồ Chí Minh,2,1,2.5,1.25,0.8350877192982457
2025-12-07,Điện Biên,1,1,10.5,10.5,0.6428571428571428
2025-12-08,Quảng Trị,1,1,6.5,6.5,0.8484848484848485
2025-12-08,TP Hồ Chí Minh,1,0,0.0,0.0,0.7826086956521738
2025-12-08,Thừa Thiên Huế,1,1,4.5,4.5,0.5833333333333333
2025-12-09,Hà Nội,1,0,0.0,0.0,0.5833333333333333
2025-12-09,TP Hồ Chí Minh,2,2,7.5,3.75,0.8043184885290149
2025-12-09,UNKNOWN,1,1,3.0,3.0,0.0
2025-12-10,Cần Thơ,1,1,13.0,13.0,0.92
2025-12-10,Lâm Đồng,1,0,0.0,0.0,0.7619047619047619
2025-12-10,TP Hồ Chí Minh,2,1,6.0,3.0,0.8489314664701547
2025-12-10,Thái Nguyên,1,1,13.0,13.0,0.8666666666666667
2025-12-10,Thừa Thiên Huế,1,1,3.5,3.5,0.7222222222222222
2025-12-10,UNKNOWN,2,2,11.0,5.5,0.0
2025-12-11,An Giang,1,1,3.0,3.0,0.8969072164948454
2025-12-11,Bắc Ninh,1,0,0.0,0.0,0.8148148148148149
2025-12-11,Cà Mau,1,0,0.0,0.0,0.9130434782608696
2025-12-11,Hà Nội,3,2,29.5,9.833333333333334,0.8705459136279351
2025-12-11,Lâm Đồng,2,1,16.0,8.0,0.7384751773049645
2025-12-11,Nghệ An,2,1,2.5,1.25,0.7299382716049383
2025-12-11,Quảng Ngãi,2,2,34.5,17.25,0.8314474304573314
2025-12-11,Sơn La,1,1,12.0,12.0,0.5833333333333333
2025-12-11,TP Hồ Chí Minh,3,1,3.5,1.1666666666666667,0.8445330249419715
2025-12-11,Thừa Thiên Huế,4,4,29.5,7.375,0.7027310924369747
2025-12-11,UNKNOWN,7,4,26.0,3.7142857142857144,0.0
2025-12-11,Điện Biên,1,0,0.0,0.0,0.736842105263158
2025-12-11,Đà Nẵng,1,1,3.0,3.0,0.9224806201550387
2025-12-11,Đồng Nai,1,0,0.0,0.0,0.8913043478260869
2025-12-12,Cần Thơ,2,2,15.5,7.75,0.8953049109552078
2025-12-12,Hà Tĩnh,1,1,6.0,6.0,0.8924731182795699
2025-12-12,Lào Cai,1,1,4.0,4.0,0.84375
2025-12-12,Phú Thọ,3,2,25.5,8.5,0.8428121586016323
2025-12-12,Quảng Bình,1,1,7.0,7.0,0.8214285714285714
2025-12-12,Quảng Ninh,1,0,0.0,0.0,0.8901098901098901
2025-12-12,TP Hồ Chí Minh,4,4,29.5,7.375,0.8132928475033738
2025-12-12,Thừa Thiên Huế,1,1,9.5,9.5,0.8
2025-12-12,Đồng Tháp,1,1,17.0,17.0,0.8387096774193549
2025-12-13,Bắc Ninh,1,1,20.0,20.0,0.7826086956521738
2025-12-13,Hà Nội,2,1,3.0,1.5,0.8277706461275139
2025-12-13,TP Hồ Chí Minh,2,1,5.0,2.5,0.9276041666666667
2025-12-13,Thái Nguyên,1,1,12.5,12.5,0.8969072164948454
2025-12-13,UNKNOWN,1,1,17.0,17.0,0.0
2025-12-14,Hà Nội,4,4,16.5,4.125,0.8817710973119727
2025-12-14,Hải Phòng,1,1,17.5,17.5,0.8148148148148149
2025-12-14,Lào Cai,1,1,7.0,7.0,0.8969072164948454
2025-12-14,Phú Thọ,3,3,33.5,11.166666666666666,0.8040794417606012
2025-12-14,UNKNOWN,1,1,16.5,16.5,0.0
2025-12-14,Đồng Nai,1,1,3.5,3.5,0.8507462686567164
2025-12-15,An Giang,2,1,2.5,1.25,0.7597254004576659
2025-12-15,Bà Rịa - Vũng Tàu,1,1,4.0,4.0,0.7727272727272727
2025-12-15,Bình Dương,1,0,0.0,0.0,0.5833333333333333
2025-12-15,Hà Nội,3,2,11.0,3.6666666666666665,0.8570797480334257
2025-12-15,Hải Phòng,1,1,2.5,2.5,0.8823529411764706
2025-12-15,Kiên Giang,2,2,12.0,6.0,0.7611111111111111
2025-12-15,Phú Thọ,1,1,18.5,18.5,0.8387096774193549
2025-12-15,Quảng Ninh,1,0,0.0,0.0,0.8947368421052632
2025-12-15,TP Hồ Chí Minh,3,2,21.0,7.0,0.852566219888856
2025-12-15,UNKNOWN,2,1,6.5,3.25,0.0
2025-12-15,Điện Biên,2,1,5.0,2.5,0.7493734335839599
2025-12-16,An Giang,1,1,6.0,6.0,0.7619047619047619
2025-12-16,Cà Mau,1,1,2.5,2.5,0.8507462686567164
2025-12-16,Hà Nội,4,4,18.0,4.5,0.7973722810877579
2025-12-16,Hải Phòng,1,1,7.0,7.0,0.8701298701298701
2025-12-16,Nghệ An,1,0,0.0,0.0,0.7435897435897436
2025-12-16,TP Hồ Chí Minh,2,2,19.5,9.75,0.8952380952380953
2025-12-16,Thừa Thiên Huế,2,2,23.0,11.5,0.839166237776634
2025-12-16,UNKNOWN,1,1,6.0,6.0,0.0
2025-12-17,Gia Lai,1,1,13.5,13.5,0.8387096774193549
2025-12-17,Hà Nội,5,3,23.5,4.7,0.8337097353809831
2025-12-17,Khánh Hòa,1,1,3.0,3.0,0.935064935064935
2025-12-17,Ninh Bình,1,1,10.5,10.5,0.911504424778761
2025-12-17,TP Hồ Chí Minh,4,3,23.5,5.875,0.8317531582334214
2025-12-17,Thừa Thiên Huế,1,1,18.0,18.0,0.8387096774193549
2025-12-17,UNKNOWN,1,0,0.0,0.0,0.0
2025-12-17,Đồng Nai,1,1,6.0,6.0,0.7435897435897436
2025-12-18,Bắc Ninh,2,0,0.0,0.0,0.8208020050125313
2025-12-18,Gia Lai,1,1,3.5,3.5,0.8461538461538461
2025-12-18,Hà Nội,2,2,13.5,6.75,0.6829710144927535
2025-12-18,Hà Tĩnh,1,1,6.0,6.0,0.8924731182795699
2025-12-18,Nghệ An,2,2,5.5,2.75,0.7048611111111112
2025-12-18,TP Hồ Chí Minh,2,1,18.5,9.25,0.7877758913412565
2025-12-18,Thái Nguyên,2,2,22.0,11.0,0.9070167886353853
2025-12-18,Thừa Thiên Huế,1,0,0.0,0.0,0.5833333333333333
2025-12-18,Đồng Nai,1,1,17.5,17.5,0.8795180722891567
2025-12-19,Bắc Ninh,1,1,7.0,7.0,0.9130434782608696
2025-12-19,Hà Nội,4,4,14.0,3.5,0.7641594516594516
2025-12-19,Hà Tĩnh,1,1,2.5,2.5,0.9047619047619048
2025-12-19,Hòa Bình,2,1,3.0,1.5,0.725
2025-12-19,Hải Phòng,1,0,0.0,0.0,0.9130434782608696
2025-12-19,Khánh Hòa,2,1,5.0,2.5,0.8390287769784173
2025-12-19,Ninh Bình,1,1,8.0,8.0,0.8850574712643678
2025-12-19,Quảng Ngãi,1,1,15.5,15.5,0.908256880733945
2025-12-19,TP Hồ Chí Minh,3,1,5.0,1.6666666666666667,0.7740563530037216
2025-12-19,Thái Nguyên,1,1,8.5,8.5,0.900990099009901
2025-12-19,Thừa Thiên Huế,2,2,14.5,7.25,0.7328431372549019
2025-12-19,Tây Ninh,1,1,7.0,7.0,0.5833333333333333
2025-12-19,UNKNOWN,1,1,6.0,6.0,0.0
2025-12-19,Điện Biên,1,0,8.0,8.0,0.5833333333333333
2025-12-19,Đà Nẵng,1,1,9.0,9.0,0.9186991869918699
2025-12-19,Đắk Lắk,1,1,17.5,17.5,0.8901098901098901
2025-12-20,Hà Nam,1,0,0.0,0.0,0.5833333333333333
2025-12-20,Nghệ An,1,1,3.5,3.5,0.8360655737704918
2025-12-20,Phú Thọ,2,2,11.0,5.5,0.8730923694779117
2025-12-20,Quảng Ngãi,1,1,5.5,5.5,0.868421052631579
2025-12-20,TP Hồ Chí Minh,2,2,24.0,12.0,0.9068276684555754
2025-12-20,Thái Nguyên,1,1,6.5,6.5,0.8969072164948454
2025-12-20,Đà Nẵng,1,1,5.0,5.0,0.7222222222222222
2025-12-21,TP Hồ Chí Minh,1,1,7.5,7.5,0.9333333333333333
2025-12-21,Thái Bình,1,1,3.5,3.5,0.8275862068965517
2025-12-21,UNKNOWN,5,0,0.0,0.0,0.0
2025-12-21,Điện Biên,1,1,12.0,12.0,0.8333333333333334
2025-12-21,Đà Nẵng,3,3,22.5,7.5,0.6428571428571428
2025-12-21,Đồng Tháp,1,1,17.0,17.0,0.7826086956521738
2025-12-22,Bình Dương,1,1,3.5,3.5,0.5833333333333333
2025-12-22,Cao Bằng,1,1,4.0,4.0,0.5833333333333333
2025-12-22,Cà Mau,1,0,0.0,0.0,0.9130434782608696
2025-12-22,Cần Thơ,1,0,0.0,0.0,0.8823529411764706
2025-12-22,Gia Lai,2,2,7.0,3.5,0.8795180722891567
2025-12-22,Hà Nội,2,1,3.0,1.5,0.5833333333333333
2025-12-22,Lâm Đồng,1,1,17.0,17.0,0.8936170212765957
2025-12-22,Nghệ An,1,1,8.0,8.0,0.9212598425196851
2025-12-22,TP Hồ Chí Minh,1,1,3.0,3.0,0.9333333333333333
2025-12-22,Thừa Thiên Huế,1,0,0.0,0.0,0.7222222222222222
2025-12-22,UNKNOWN,1,0,0.0,0.0,0.0
2025-12-22,Đà Nẵng,1,1,9.5,9.5,0.9065420560747663
2025-12-23,Bình Dương,3,3,10.5,3.5,0.6428571428571428
2025-12-23,Gia Lai,4,4,15.0,3.75,0.8579774375503626
2025-12-23,Hà Nội,5,3,18.0,3.6,0.7637920168067227
2025-12-23,Nghệ An,2,0,0.0,0.0,0.7096994535519126
2025-12-23,Quảng Ngãi,1,1,14.5,14.5,0.7826086956521738
2025-12-23,TP Hồ Chí Minh,3,2,9.5,3.1666666666666665,0.8464503866522582
2025-12-23,Thừa Thiên Huế,2,2,15.0,7.5,0.613095238095238
2025-12-23,UNKNOWN,2,1,3.5,1.75,0.0
2025-12-23,Đà Nẵng,1,1,3.0,3.0,0.7222222222222222
2025-12-23,Đắk Lắk,1,1,17.0,17.0,0.8387096774193549
2025-12-24,Cần Thơ,1,1,3.5,3.5,0.8823529411764706
2025-12-24,Gia Lai,3,2,23.0,7.666666666666667,0.6724709784411277
2025-12-24,Hà Nội,2,2,15.5,7.75,0.7127329192546583
2025-12-24,Hà Tĩnh,1,1,18.0,18.0,0.8148148148148149
2025-12-24,Quảng Ninh,1,0,0.0,0.0,0.7222222222222222
2025-12-24,TP Hồ Chí Minh,4,3,25.5,6.375,0.869878143326956
2025-12-24,Thừa Thiên Huế,2,2,9.5,4.75,0.7474747474747474
2025-12-24,UNKNOWN,2,2,10.0,5.0,0.0
2025-12-24,Đà Nẵng,1,1,3.5,3.5,0.5833333333333333
2025-12-25,Bình Dương,1,1,6.5,6.5,0.6428571428571428
2025-12-25,Hà Nội,3,2,7.0,2.3333333333333335,0.7680698240399733
2025-12-25,Kiên Giang,1,1,7.0,7.0,0.5833333333333333
2025-12-25,Nghệ An,2,2,5.0,2.5,0.6428571428571428
2025-12-25,Quảng Ngãi,1,1,12.5,12.5,0.9056603773584906
2025-12-25,Quảng Ninh,1,1,3.5,3.5,0.855072463768116
2025-12-25,TP Hồ Chí Minh,4,3,21.0,5.25,0.8673796363053753
2025-12-25,UNKNOWN,1,0,0.0,0.0,0.0
2025-12-26,Cần Thơ,1,1,6.0,6.0,0.8275862068965517
2025-12-26,Gia Lai,3,1,11.5,3.8333333333333335,0.69017094017094
2025-12-26,Hà Nội,2,2,9.0,4.5,0.8883359631023182
2025-12-26,Kiên Giang,2,2,8.5,4.25,0.8
2025-12-26,Nghệ An,1,1,12.0,12.0,0.8666666666666667
2025-12-26,TP Hồ Chí Minh,4,3,16.0,4.0,0.8887339349193328
2025-12-26,UNKNOWN,3,2,11.5,3.8333333333333335,0.0
2025-12-26,Đà Nẵng,2,0,0.0,0.0,0.5833333333333333
2025-12-27,Bình Định,2,0,0.0,0.0,0.5833333333333333
2025-12-27,Hòa Bình,1,0,0.0,0.0,0.5833333333333333
2025-12-27,Lâm Đồng,1,1,20.0,20.0,0.8936170212765957
2025-12-27,Nghệ An,4,2,24.0,6.0,0.8013888888888889
2025-12-27,Quảng Nam,1,1,3.0,3.0,0.5833333333333333
2025-12-27,TP Hồ Chí Minh,3,3,27.5,9.166666666666666,0.9005540031151448
2025-12-27,Đắk Lắk,2,2,40.0,20.0,0.8569023569023569
2025-12-28,Cà Mau,1,1,12.0,12.0,0.9130434782608696
2025-12-28,Cần Thơ,1,1,3.0,3.0,0.868421052631579
2025-12-28,Lào Cai,1,1,17.0,17.0,0.8901098901098901
2025-12-28,Nghệ An,1,0,0.0,0.0,0.8360655737704918
2025-12-28,TP Hồ Chí Minh,1,1,18.5,18.5,0.8214285714285714
2025-12-28,UNKNOWN,2,2,18.0,9.0,0.0
2025-12-29,Gia Lai,6,6,37.5,6.25,0.8613153137175584
2025-12-29,Hà Nội,3,2,18.0,6.0,0.8989624048315484
2025-12-29,Hòa Bình,1,1,11.0,11.0,0.8245614035087719
2025-12-29,Quảng Ngãi,1,1,14.0,14.0,0.8850574712643678
2025-12-29,Quảng Ninh,1,1,2.5,2.5,0.9186991869918699
2025-12-29,Quảng Trị,1,1,20.0,20.0,0.9242424242424243
2025-12-29,TP Hồ Chí Minh,5,3,14.5,2.9,0.8438319813871598
2025-12-29,Thừa Thiên Huế,1,1,3.5,3.5,0.898989898989899
2025-12-29,UNKNOWN,4,4,41.0,10.25,0.0
2025-12-30,Cà Mau,2,1,2.5,1.25,0.9173637344846195
2025-12-30,Gia Lai,1,1,4.5,4.5,0.8795180722891567
2025-12-30,Hà Nội,2,2,16.0,8.0,0.7193877551020408
2025-12-30,Phú Thọ,1,1,6.5,6.5,0.7435897435897436
2025-12-30,TP Hồ Chí Minh,6,6,54.0,9.0,0.8641626648646575
2025-12-30,UNKNOWN,2,2,8.0,4.0,0.0
2025-12-30,Đà Nẵng,1,1,16.0,16.0,0.7826086956521738
2025-12-30,Đắk Lắk,2,2,32.0,16.0,0.8283208020050126
2025-12-31,An Giang,1,1,19.0,19.0,0.9130434782608696
2025-12-31,Cà Mau,1,0,0.0,0.0,0.8795180722891567
2025-12-31,Gia Lai,1,1,3.5,3.5,0.8850574712643678
2025-12-31,Hà Nội,3,2,6.5,2.1666666666666665,0.7937479536506871
2025-12-31,Hòa Bình,1,1,12.0,12.0,0.6875
2025-12-31,Lâm Đồng,2,1,8.5,4.25,0.9028760018859029
2025-12-31,Nghệ An,1,0,0.0,0.0,0.8245614035087719
2025-12-31,Quảng Nam,1,1,6.5,6.5,0.5833333333333333
2025-12-31,TP Hồ Chí Minh,11,10,57.5,5.2272727272727275,0.9165243403353855
2025-12-31,Thanh Hóa,1,1,3.0,3.0,0.8611111111111112
2025-12-31,UNKNOWN,3,3,38.5,12.833333333333334,0.0
2025-12-31,Vĩnh Long,1,0,0.0,0.0,0.8148148148148149
2025-12-31,Đắk Lắk,1,1,18.5,18.5,0.8611111111111112
2026-01-01,Gia Lai,3,1,3.5,1.1666666666666667,0.893951151017995
2026-01-01,Hà Nội,2,2,22.5,11.25,0.6600877192982456
2026-01-01,Kiên Giang,2,2,9.5,4.75,0.775
2026-01-01,Lào Cai,1,1,10.0,10.0,0.7619047619047619
2026-01-01,Lâm Đồng,1,0,0.0,0.0,0.875
2026-01-01,Nghệ An,1,0,0.0,0.0,0.8
2026-01-01,Phú Thọ,1,1,7.5,7.5,0.8507462686567164
2026-01-01,TP Hồ Chí Minh,3,3,22.5,7.5,0.8328502415458937
2026-01-01,Thái Nguyên,1,1,5.5,5.5,0.5833333333333333
2026-01-01,Thừa Thiên Huế,1,1,3.5,3.5,0.6875
2026-01-01,UNKNOWN,4,1,5.0,1.25,0.0
2026-01-02,Gia Lai,4,4,13.0,3.25,0.904623489871923
2026-01-02,Hà Nội,2,2,21.0,10.5,0.7804659498207885
2026-01-02,Nghệ An,2,2,17.0,8.5,0.6829710144927535
2026-01-02,TP Hồ Chí Minh,1,1,4.0,4.0,0.7826086956521738
2026-01-02,Yên Bái,1,1,4.0,4.0,0.5833333333333333
2026-01-03,Gia Lai,2,2,19.0,9.5,0.911504424778761
2026-01-03,Hà Nội,1,0,0.0,0.0,0.8924731182795699
2026-01-03,Lào Cai,2,1,9.0,4.5,0.8756564720420142
2026-01-03,Nghệ An,1,1,7.0,7.0,0.5833333333333333
2026-01-03,Quảng Ninh,1,1,4.0,4.0,0.9186991869918699
2026-01-03,TP Hồ Chí Minh,1,1,9.0,9.0,0.9180327868852459
2026-01-03,UNKNOWN,4,2,18.0,4.5,0.0
2026-01-04,Gia Lai,4,2,15.0,3.75,0.8481891129906745
2026-01-04,Hà Nam,1,1,10.0,10.0,0.6428571428571428
2026-01-04,Hà Nội,2,2,18.5,9.25,0.8575757575757577
2026-01-04,Hòa Bình,1,1,3.0,3.0,0.5833333333333333
2026-01-04,Lào Cai,5,5,35.5,7.1,0.880135117127549
2026-01-04,Quảng Ngãi,1,1,4.5,4.5,0.8507462686567164
2026-01-04,TP Hồ Chí Minh,7,4,35.0,5.0,0.8162351435675973
2026-01-04,Thừa Thiên Huế,2,1,10.0,5.0,0.6726190476190476
2026-01-04,UNKNOWN,1,1,6.0,6.0,0.0
2026-01-04,Yên Bái,2,2,14.5,7.25,0.8771535580524344
2026-01-05,Hà Giang,1,1,5.5,5.5,0.8666666666666667
2026-01-05,Hà Nội,3,1,11.5,3.8333333333333335,0.9044602623213768
2026-01-05,Khánh Hòa,2,2,6.0,3.0,0.7619047619047619
2026-01-05,Kiên Giang,1,1,3.5,3.5,0.7222222222222222
2026-01-05,Lào Cai,1,1,4.0,4.0,0.8
2026-01-05,Quảng Ngãi,3,3,35.0,11.666666666666666,0.8043240284619594
2026-01-05,Quảng Ninh,1,1,14.5,14.5,0.868421052631579
2026-01-05,Quảng Trị,1,1,8.0,8.0,0.7619047619047619
2026-01-05,TP Hồ Chí Minh,6,5,32.5,5.416666666666667,0.8595826376582544
2026-01-05,Thừa Thiên Huế,1,0,0.0,0.0,0.5833333333333333
2026-01-05,Tuyên Quang,1,1,9.5,9.5,0.8666666666666667
2026-01-05,UNKNOWN,6,4,31.0,5.166666666666667,0.0
2026-01-05,Đà Nẵng,2,2,24.0,12.0,0.8333333333333334
2026-01-06,Bến Tre,1,1,6.5,6.5,0.5833333333333333
2026-01-06,Cao Bằng,1,1,8.5,8.5,0.8924731182795699
2026-01-06,Gia Lai,1,0,0.0,0.0,0.8591549295774648
2026-01-06,Hà Nội,3,1,7.0,2.3333333333333335,0.728835978835979
2026-01-06,Khánh Hòa,1,1,3.5,3.5,0.8360655737704918
2026-01-06,Kiên Giang,1,1,2.5,2.5,0.6428571428571428
2026-01-06,Lào Cai,1,1,3.0,3.0,0.7916666666666667
2026-01-06,Lâm Đồng,1,1,3.0,3.0,0.736842105263158
2026-01-06,Quảng Ninh,1,1,3.5,3.5,0.8648648648648649
2026-01-06,Quảng Trị,1,0,0.0,0.0,0.7826086956521738
2026-01-06,TP Hồ Chí Minh,7,6,34.0,4.857142857142857,0.8227558927729165
2026-01-06,Thanh Hóa,1,1,20.0,20.0,0.8571428571428572
2026-01-06,Thừa Thiên Huế,1,1,8.5,8.5,0.5833333333333333
2026-01-06,UNKNOWN,8,5,26.0,3.25,0.0
2026-01-06,Vĩnh Long,1,0,0.0,0.0,0.8876404494382022
2026-01-06,Điện Biên,1,1,2.5,2.5,0.8795180722891567
2026-01-06,Đồng Nai,1,1,6.5,6.5,0.5833333333333333
2026-01-07,Cà Mau,2,2,9.5,4.75,0.7379032258064515
2026-01-07,Hà Giang,1,1,5.0,5.0,0.8461538461538461
2026-01-07,Hà Nội,6,4,26.0,4.333333333333333,0.8055728138554605
2026-01-07,Hòa Bình,2,2,18.0,9.0,0.5833333333333333
2026-01-07,Hưng Yên,1,1,19.0,19.0,0.8148148148148149
2026-01-07,Lào Cai,3,3,24.0,8.0,0.9042325816945777
2026-01-07,Lâm Đồng,4,4,22.5,5.625,0.8005910580524345
2026-01-07,Nghệ An,3,3,15.0,5.0,0.6904761904761904
2026-01-07,Quảng Ngãi,1,1,8.5,8.5,0.8901098901098902
2026-01-07,TP Hồ Chí Minh,4,4,22.0,5.5,0.9112179487179487
2026-01-07,Thanh Hóa,1,1,2.5,2.5,0.8
2026-01-07,UNKNOWN,4,3,14.5,3.625,0.0
2026-01-07,Điện Biên,1,1,3.0,3.0,0.5833333333333333
2026-01-07,Đà Nẵng,1,0,0.0,0.0,0.898989898989899
2026-01-08,Bình Dương,1,0,0.0,0.0,0.5833333333333333
2026-01-08,Bắc Ninh,2,2,7.5,3.75,0.6973270440251572
2026-01-08,Cà Mau,2,2,17.5,8.75,0.6428571428571428
2026-01-08,Hà Nam,1,0,0.0,0.0,0.5833333333333333
2026-01-08,Hà Nội,2,2,17.5,8.75,0.8636447392666298
2026-01-08,Hòa Bình,2,1,3.0,1.5,0.613095238095238
2026-01-08,Khánh Hòa,2,2,12.5,6.25,0.7231735159817352
2026-01-08,Kiên Giang,1,1,7.0,7.0,0.8666666666666667
2026-01-08,Lào Cai,2,2,22.5,11.25,0.8264705882352942
2026-01-08,Ninh Bình,1,1,9.0,9.0,0.8888888888888888
2026-01-08,Quảng Ninh,1,1,15.5,15.5,0.8717948717948718
2026-01-08,TP Hồ Chí Minh,4,4,33.0,8.25,0.7623089983022072
2026-01-08,Thanh Hóa,1,1,3.5,3.5,0.7826086956521738
2026-01-08,Thừa Thiên Huế,1,1,10.0,10.0,0.8591549295774648
2026-01-08,UNKNOWN,8,5,35.5,4.4375,0.0
2026-01-08,Điện Biên,1,1,17.5,17.5,0.8333333333333334
2026-01-09,Bình Thuận,1,1,7.0,7.0,0.5833333333333333
2026-01-09,Cà Mau,1,1,3.5,3.5,0.8666666666666667
2026-01-09,Cần Thơ,2,2,12.5,6.25,0.8674074074074074
2026-01-09,Hải Phòng,1,1,7.0,7.0,0.898989898989899
2026-01-09,Khánh Hòa,2,2,13.0,6.5,0.8799171842650104
2026-01-09,Kiên Giang,1,1,4.0,4.0,0.75
2026-01-09,Lâm Đồng,4,3,10.5,2.625,0.9050605722141077
2026-01-09,Phú Thọ,1,1,9.5,9.5,0.898989898989899
2026-01-09,Quảng Nam,1,1,8.0,8.0,0.7222222222222222
2026-01-09,TP Hồ Chí Minh,4,4,39.0,9.75,0.8019208343122834
2026-01-09,UNKNOWN,7,3,10.5,1.5,0.0
2026-01-09,Đà Nẵng,2,1,7.5,3.75,0.6600877192982456
2026-01-10,Bình Thuận,1,0,0.0,0.0,0.8571428571428571
2026-01-10,Bến Tre,1,1,15.0,15.0,0.736842105263158
2026-01-10,Cà Mau,1,1,2.5,2.5,0.8387096774193549
2026-01-10,Gia Lai,5,5,37.5,7.5,0.8538461538461538
2026-01-10,Hà Giang,1,1,6.5,6.5,0.8666666666666667
2026-01-10,Hà Nội,5,4,38.0,7.6,0.845516802591243
2026-01-10,Khánh Hòa,1,1,3.5,3.5,0.875
2026-01-10,Lâm Đồng,1,1,2.5,2.5,0.8888888888888888
2026-01-10,Nghệ An,3,3,17.5,5.833333333333333,0.6527777777777778
2026-01-10,Phú Thọ,1,1,2.5,2.5,0.898989898989899
2026-01-10,Quảng Nam,2,2,16.0,8.0,0.7222222222222222
2026-01-10,Quảng Ninh,1,1,15.5,15.5,0.8924731182795699
2026-01-10,TP Hồ Chí Minh,4,2,8.0,2.0,0.8838735205931696
2026-01-10,Thanh Hóa,2,2,20.5,10.25,0.8106591865357644
2026-01-10,Tây Ninh,1,1,2.5,2.5,0.8484848484848485
2026-01-10,UNKNOWN,6,5,35.5,5.916666666666667,0.0
2026-01-10,Đà Nẵng,4,3,17.5,4.375,0.7108901515151516
2026-01-10,Đồng Nai,2,1,5.5,2.75,0.8212005108556832
2026-01-10,Đồng Tháp,2,2,23.5,11.75,0.8484848484848485
2026-01-11,Bình Thuận,2,1,12.5,6.25,0.7847985347985348
2026-01-11,Bắc Giang,1,1,8.0,8.0,0.7826086956521738
2026-01-11,Cà Mau,2,2,5.0,2.5,0.7826086956521738
2026-01-11,Gia Lai,3,3,31.0,10.333333333333334,0.8789775691184142
2026-01-11,Hà Nội,2,2,6.5,3.25,0.5833333333333333
2026-01-11,Kiên Giang,1,1,4.0,4.0,0.75
2026-01-11,Lai Châu,1,1,10.0,10.0,0.5833333333333333
2026-01-11,Lào Cai,1,1,3.0,3.0,0.8214285714285714
2026-01-11,Lâm Đồng,2,1,8.5,4.25,0.8773923444976077
2026-01-11,Nghệ An,1,1,6.0,6.0,0.7826086956521738
2026-01-11,Quảng Nam,1,1,11.5,11.5,0.5833333333333333
2026-01-11,Quảng Ngãi,2,2,16.5,8.25,0.780952380952381
2026-01-11,Quảng Ninh,3,3,24.0,8.0,0.8945410507437298
2026-01-11,Quảng Trị,1,1,3.5,3.5,0.736842105263158
2026-01-11,TP Hồ Chí Minh,17,12,116.0,6.823529411764706,0.855867296684208
2026-01-11,Thanh Hóa,1,0,0.0,0.0,0.7222222222222222
2026-01-11,Thừa Thiên Huế,1,1,3.5,3.5,0.8
2026-01-11,UNKNOWN,4,3,11.5,2.875,0.0
2026-01-11,Đà Nẵng,1,1,4.5,4.5,0.8
2026-01-11,Đồng Nai,2,1,9.5,4.75,0.866286325548226
2026-01-12,An Giang,1,0,0.0,0.0,0.7826086956521738
2026-01-12,Bình Phước,1,1,3.5,3.5,0.7826086956521738
2026-01-12,Bình Thuận,1,0,0.0,0.0,0.7619047619047619
2026-01-12,Gia Lai,6,6,79.0,13.166666666666666,0.8634317737258913
2026-01-12,Hà Nội,4,4,25.5,6.375,0.799564731401564
2026-01-12,Hà Tĩnh,1,1,14.0,14.0,0.8148148148148149
2026-01-12,Hòa Bình,1,1,9.5,9.5,0.8648648648648649
2026-01-12,Hưng Yên,1,1,8.5,8.5,0.7826086956521738
2026-01-12,Khánh Hòa,2,1,2.5,1.25,0.8639705882352942
2026-01-12,Nghệ An,2,1,2.5,1.25,0.6666666666666666
2026-01-12,Phú Thọ,1,1,5.0,5.0,0.8666666666666667
2026-01-12,Quảng Ngãi,5,5,46.5,9.3,0.8746561866916004
2026-01-12,Quảng Ninh,3,3,27.0,9.0,0.8513839120562482
2026-01-12,Quảng Trị,2,2,12.5,6.25,0.6600877192982456
2026-01-12,Sơn La,1,1,9.0,9.0,0.8
2026-01-12,TP Hồ Chí Minh,19,15,122.5,6.447368421052632,0.8976459364531271
2026-01-12,UNKNOWN,8,7,55.0,6.875,0.0
2026-01-12,Điện Biên,1,1,6.5,6.5,0.9186991869918699
2026-01-12,Đà Nẵng,2,2,14.0,7.0,0.832542194092827
2026-01-12,Đắk Lắk,2,2,13.0,6.5,0.8588480485032208
2026-01-12,Đắk Nông,1,0,0.0,0.0,0.875
2026-01-13,An Giang,1,1,2.5,2.5,0.5833333333333333
2026-01-13,Bình Thuận,1,0,0.0,0.0,0.7619047619047619
2026-01-13,Gia Lai,1,1,9.5,9.5,0.8765432098765432
2026-01-13,Hà Nội,10,6,35.0,3.5,0.7157348040814053
2026-01-13,Hà Tĩnh,1,1,5.0,5.0,0.8888888888888888
2026-01-13,Hòa Bình,1,0,0.0,0.0,0.5833333333333333
2026-01-13,Hải Phòng,1,1,2.5,2.5,0.6428571428571428
2026-01-13,Khánh Hòa,2,1,9.0,4.5,0.8485693050910441
2026-01-13,Kiên Giang,1,0,0.0,0.0,0.8666666666666667
2026-01-13,Lào Cai,3,3,16.5,5.5,0.8094184477293412
2026-01-13,Lâm Đồng,3,3,12.0,4.0,0.7859672655817947
2026-01-13,Nghệ An,3,2,21.5,7.166666666666667,0.8274064733081127
2026-01-13,Phú Thọ,2,1,13.0,6.5,0.6600877192982456
2026-01-13,Quảng Ngãi,1,1,9.5,9.5,0.8717948717948718
2026-01-13,Quảng Ninh,5,4,27.5,5.5,0.8611813350437533
2026-01-13,Quảng Trị,3,2,7.0,2.3333333333333335,0.832687297063666
2026-01-13,TP Hồ Chí Minh,21,15,86.5,4.119047619047619,0.8587569615972015
2026-01-13,Thanh Hóa,3,3,22.5,7.5,0.7191697191697192
2026-01-13,Thừa Thiên Huế,6,4,37.5,6.25,0.7375680827886709
2026-01-13,UNKNOWN,10,6,26.0,2.6,0.0
2026-01-13,Vĩnh Long,2,1,20.0,10.0,0.834486166007905
2026-01-13,Điện Biên,1,1,8.5,8.5,0.6428571428571428
2026-01-13,Đà Nẵng,2,1,3.5,1.75,0.6726190476190476
2026-01-13,Đắk Lắk,2,2,23.5,11.75,0.8292824074074074
2026-01-13,Đồng Nai,2,2,21.5,10.75,0.8758681838333087
2026-01-13,Đồng Tháp,3,3,34.5,11.5,0.8427215093881761
2026-01-14,An Giang,1,0,0.0,0.0,0.8360655737704918
2026-01-14,Bình Dương,2,2,12.5,6.25,0.613095238095238
2026-01-14,Bình Thuận,1,1,4.0,4.0,0.927536231884058
2026-01-14,Bến Tre,1,1,11.0,11.0,0.736842105263158
2026-01-14,Cao Bằng,1,1,9.0,9.0,0.7826086956521738
2026-01-14,Cà Mau,3,2,9.0,3.0,0.8401499340663904
2026-01-14,Gia Lai,4,3,11.5,2.875,0.8955872292540998
2026-01-14,Hà Nội,10,9,66.5,6.65,0.6809457671957672
2026-01-14,Hải Phòng,1,1,6.0,6.0,0.8876404494382022
2026-01-14,Khánh Hòa,2,2,17.5,8.75,0.856425702811245
2026-01-14,Lào Cai,2,1,6.5,3.25,0.8234536082474226
2026-01-14,Lâm Đồng,1,1,5.0,5.0,0.7826086956521738
2026-01-14,Nghệ An,1,1,4.5,4.5,0.5833333333333333
2026-01-14,Phú Thọ,1,1,3.0,3.0,0.911504424778761
2026-01-14,Quảng Nam,1,1,3.5,3.5,0.8461538461538461
2026-01-14,Quảng Ninh,2,2,21.5,10.75,0.8989486577523732
2026-01-14,Quảng Trị,3,2,11.0,3.6666666666666665,0.8213633923778851
2026-01-14,TP Hồ Chí Minh,18,15,110.5,6.138888888888889,0.8713307787217757
2026-01-14,Thanh Hóa,6,5,67.0,11.166666666666666,0.7745547797988682
2026-01-14,Thừa Thiên Huế,4,4,33.0,8.25,0.6839285714285714
2026-01-14,Tây Ninh,1,0,0.0,0.0,0.84375
2026-01-14,UNKNOWN,13,11,65.0,5.0,0.0
2026-01-14,Vĩnh Long,3,2,10.0,3.3333333333333335,0.8728006027567257
2026-01-14,Điện Biên,3,3,14.0,4.666666666666667,0.685672514619883
2026-01-14,Đà Nẵng,3,3,16.5,5.5,0.6841931216931217
2026-01-14,Đắk Lắk,1,1,3.0,3.0,0.7826086956521738
2026-01-14,Đồng Nai,2,1,3.5,1.75,0.7367216117216117
2026-01-14,Đồng Tháp,1,1,8.5,8.5,0.8
2026-01-15,Bình Dương,1,1,5.5,5.5,0.6428571428571428
2026-01-15,Bạc Liêu,1,1,2.5,2.5,0.8
2026-01-15,Cà Mau,2,1,7.0,3.5,0.8267622461170849
2026-01-15,Cần Thơ,2,2,12.0,6.0,0.9123809523809524
2026-01-15,Gia Lai,5,3,23.5,4.7,0.8134047976436604
2026-01-15,Hà Nội,3,2,9.0,3.0,0.7028478057889821
2026-01-15,Hòa Bình,1,1,3.5,3.5,0.5833333333333333
2026-01-15,Hưng Yên,4,4,56.0,14.0,0.841911851589271
2026-01-15,Khánh Hòa,5,4,15.0,3.0,0.8726082222121825
2026-01-15,Lâm Đồng,6,4,36.5,6.083333333333333,0.8891940016940018
2026-01-15,Nghệ An,5,4,14.5,2.9,0.6835332333833083
2026-01-15,Ninh Bình,1,0,0.0,0.0,0.8863636363636364
2026-01-15,Quảng Nam,1,0,0.0,0.0,0.736842105263158
2026-01-15,Quảng Ngãi,3,3,27.0,9.0,0.8013090229079008
2026-01-15,Quảng Ninh,2,2,24.0,12.0,0.865605658709107
2026-01-15,Quảng Trị,2,0,4.0,2.0,0.8471264367816091
2026-01-15,TP Hồ Chí Minh,22,14,126.0,5.7272727272727275,0.8674094334583677
2026-01-15,Thanh Hóa,2,2,24.0,12.0,0.8542692939244663
2026-01-15,UNKNOWN,6,5,34.5,5.75,0.0
2026-01-15,Vĩnh Long,1,1,11.5,11.5,0.9065420560747663
2026-01-15,Điện Biên,2,2,17.5,8.75,0.613095238095238
2026-01-15,Đà Nẵng,4,3,11.0,2.75,0.7298229000531632
2026-01-15,Đồng Nai,3,2,16.0,5.333333333333333,0.8942238135533055
2026-01-15,Đồng Tháp,1,1,5.5,5.5,0.5833333333333333
2026-01-16,An Giang,3,2,17.0,5.666666666666667,0.7326762246117084
2026-01-16,Bắc Giang,1,1,3.0,3.0,0.736842105263158
2026-01-16,Cà Mau,3,2,5.0,1.6666666666666667,0.6940267335004178
2026-01-16,Gia Lai,4,4,18.5,4.625,0.8692555885396247
2026-01-16,Hà Nội,16,15,85.5,5.34375,0.7482898230334221
2026-01-16,Hà Tĩnh,1,0,0.0,0.0,0.8275862068965517
2026-01-16,Khánh Hòa,1,0,0.0,0.0,0.8924731182795699
2026-01-16,Kiên Giang,2,2,14.5,7.25,0.8957925636007829
2026-01-16,Lào Cai,1,1,2.5,2.5,0.8666666666666667
2026-01-16,Lâm Đồng,2,2,9.5,4.75,0.8671988388969522
2026-01-16,Ninh Bình,1,0,0.0,0.0,0.868421052631579
2026-01-16,Quảng Ngãi,1,1,9.0,9.0,0.8571428571428572
2026-01-16,TP Hồ Chí Minh,31,15,92.0,2.967741935483871,0.8530072100632412
2026-01-16,Thanh Hóa,1,0,0.0,0.0,0.875
2026-01-16,UNKNOWN,7,3,22.5,3.2142857142857144,0.0
2026-01-16,Điện Biên,3,3,24.0,8.0,0.6345029239766081
2026-01-16,Đà Nẵng,4,2,24.5,6.125,0.7941476579188281
2026-01-16,Đồng Tháp,1,1,14.0,14.0,0.8387096774193549
2026-01-17,Bình Dương,1,1,5.5,5.5,0.5833333333333333
2026-01-17,Bình Thuận,1,0,0.0,0.0,0.8795180722891567
2026-01-17,Bình Định,1,1,6.0,6.0,0.8
2026-01-17,Cà Mau,2,2,6.0,3.0,0.7883597883597884
2026-01-17,Hà Nội,8,5,31.0,3.875,0.8107662950376833
2026-01-17,Hưng Yên,1,1,18.0,18.0,0.8148148148148149
2026-01-17,Khánh Hòa,1,1,3.5,3.5,0.8666666666666667
2026-01-17,Kiên Giang,4,4,23.5,5.875,0.8140151515151515
2026-01-17,Lâm Đồng,4,3,21.0,5.25,0.8612949027578858
2026-01-17,Nghệ An,2,2,22.0,11.0,0.725
2026-01-17,Phú Thọ,2,2,26.0,13.0,0.613095238095238
2026-01-17,Quảng Ngãi,2,2,22.5,11.25,0.7493734335839599
2026-01-17,Quảng Trị,1,1,3.0,3.0,0.8795180722891567
2026-01-17,Sơn La,3,3,52.5,17.5,0.7913466461853559
2026-01-17,TP Hồ Chí Minh,11,9,82.0,7.454545454545454,0.8072270846880071
2026-01-17,Thanh Hóa,1,1,5.5,5.5,0.6875
2026-01-17,Thái Nguyên,1,1,2.5,2.5,0.8666666666666667
2026-01-17,Thừa Thiên Huế,4,4,23.0,5.75,0.7341737563511757
2026-01-17,Tây Ninh,3,1,5.0,1.6666666666666667,0.8383753927232188
2026-01-17,UNKNOWN,5,5,32.5,6.5,0.0
2026-01-17,Đà Nẵng,2,2,17.5,8.75,0.7301136363636364
2026-01-17,Đắk Lắk,2,1,14.0,7.0,0.7676651305683564
2026-01-17,Đồng Tháp,3,2,14.5,4.833333333333333,0.7723765432098766
2026-01-18,Bà Rịa - Vũng Tàu,2,2,12.0,6.0,0.865717375630858
2026-01-18,Bình Thuận,2,1,3.5,1.75,0.8267622461170849
2026-01-18,Bắc Ninh,1,1,3.5,3.5,0.9130434782608696
2026-01-18,Cà Mau,1,0,0.0,0.0,0.6428571428571428
2026-01-18,Hà Nội,9,4,18.5,2.0555555555555554,0.728262184725033
2026-01-18,Hòa Bình,1,0,0.0,0.0,0.8666666666666667
2026-01-18,Lào Cai,3,2,9.0,3.0,0.883380149812734
2026-01-18,Nghệ An,1,1,8.5,8.5,0.7435897435897436
2026-01-18,Ninh Bình,1,1,5.0,5.0,0.868421052631579
2026-01-18,Phú Thọ,2,2,11.0,5.5,0.881894873458793
2026-01-18,Quảng Ngãi,2,2,10.0,5.0,0.8051948051948052
2026-01-18,Sơn La,1,1,7.0,7.0,0.8876404494382022
2026-01-18,TP Hồ Chí Minh,6,5,25.0,4.166666666666667,0.8332248415923279
2026-01-18,Thừa Thiên Huế,2,2,21.0,10.5,0.71875
2026-01-18,Tuyên Quang,1,1,7.0,7.0,0.736842105263158
2026-01-18,Tây Ninh,2,2,9.5,4.75,0.8431818181818183
2026-01-18,UNKNOWN,8,5,48.0,6.0,0.0
2026-01-18,Điện Biên,3,3,22.5,7.5,0.736842105263158
2026-01-18,Đà Nẵng,4,2,13.0,3.25,0.7492559523809524
2026-01-18,Đồng Tháp,2,1,5.5,2.75,0.7987117552334944
2026-01-19,An Giang,1,1,2.5,2.5,0.908256880733945
2026-01-19,Bà Rịa - Vũng Tàu,2,2,12.0,6.0,0.8861635220125786
2026-01-19,Bình Thuận,1,1,4.5,4.5,0.5833333333333333
2026-01-19,Gia Lai,1,1,3.5,3.5,0.9107142857142857
2026-01-19,Hà Nội,3,2,16.5,5.5,0.7855140186915888
2026-01-19,Hòa Bình,2,1,3.0,1.5,0.6527777777777777
2026-01-19,Khánh Hòa,3,2,14.5,4.833333333333333,0.8654490106544901
2026-01-19,Lào Cai,2,2,20.0,10.0,0.8254401942926534
2026-01-19,Lâm Đồng,2,2,11.5,5.75,0.8587064676616916
2026-01-19,Nghệ An,3,3,19.0,6.333333333333333,0.7363547758284601
2026-01-19,Quảng Ngãi,1,1,11.0,11.0,0.8571428571428572
2026-01-19,Quảng Ninh,1,1,9.5,9.5,0.8507462686567164
2026-01-19,TP Hồ Chí Minh,26,23,172.0,6.615384615384615,0.8560998312058993
2026-01-19,Thừa Thiên Huế,7,6,34.5,4.928571428571429,0.7128305867801666
2026-01-19,Tây Ninh,1,1,8.0,8.0,0.8863636363636364
2026-01-19,UNKNOWN,8,6,47.5,5.9375,0.0
2026-01-19,Yên Bái,1,1,5.5,5.5,0.5833333333333333
2026-01-19,Điện Biên,2,1,14.0,7.0,0.7832606324972737
2026-01-19,Đà Nẵng,4,4,38.0,9.5,0.7487824675324675
2026-01-19,Đắk Lắk,2,2,20.0,10.0,0.8017543859649123
2026-01-19,Đồng Tháp,1,0,0.0,0.0,0.8148148148148149
2026-01-20,An Giang,1,1,8.0,8.0,0.5833333333333333
2026-01-20,Cao Bằng,1,1,3.0,3.0,0.8924731182795699
2026-01-20,Cà Mau,2,2,13.5,6.75,0.7978784403669725
2026-01-20,Cần Thơ,2,2,11.5,5.75,0.613095238095238
2026-01-20,Gia Lai,3,3,23.5,7.833333333333333,0.8564332857045655
2026-01-20,Hà Giang,1,1,11.0,11.0,0.6875
2026-01-20,Hà Nội,14,6,40.5,2.892857142857143,0.7834742461557054
2026-01-20,Hà Tĩnh,2,2,15.0,7.5,0.6726190476190476
2026-01-20,Hòa Bình,3,3,25.5,8.5,0.6378968253968254
2026-01-20,Khánh Hòa,5,4,26.5,5.3,0.8527338143956905
2026-01-20,Kiên Giang,1,1,3.0,3.0,0.8666666666666667
2026-01-20,Lai Châu,1,0,0.0,0.0,0.8924731182795699
2026-01-20,Nghệ An,8,5,25.5,3.1875,0.670929518612585
2026-01-20,Quảng Nam,1,1,3.5,3.5,0.8666666666666667
2026-01-20,Quảng Ngãi,1,1,6.0,6.0,0.736842105263158
2026-01-20,Quảng Trị,2,1,12.5,6.25,0.7170398009950248
2026-01-20,TP Hồ Chí Minh,15,13,92.5,6.166666666666667,0.861054453627215
2026-01-20,Thanh Hóa,2,1,13.0,6.5,0.7987117552334944
2026-01-20,Thừa Thiên Huế,2,1,7.5,3.75,0.7214285714285714
2026-01-20,Tuyên Quang,1,1,3.5,3.5,0.7826086956521738
2026-01-20,UNKNOWN,11,7,34.5,3.1363636363636362,0.0
2026-01-20,Điện Biên,3,3,12.0,4.0,0.9166309166309166
2026-01-20,Đà Nẵng,8,7,60.5,7.5625,0.8207687252699734
2026-01-20,Đắk Lắk,1,1,18.5,18.5,0.8529411764705882
2026-01-20,Đồng Nai,1,0,0.0,0.0,0.8850574712643678
2026-01-21,Cà Mau,3,2,21.5,7.166666666666667,0.7632917964693666
2026-01-21,Cần Thơ,3,3,16.0,5.333333333333333,0.8627135502389464
2026-01-21,Gia Lai,4,4,31.0,7.75,0.8618761629299387
2026-01-21,Hà Nội,15,9,99.0,6.6,0.7750921094757359
2026-01-21,Hòa Bình,2,2,10.0,5.0,0.7301136363636364
2026-01-21,Hải Phòng,2,2,16.0,8.0,0.5833333333333333
2026-01-21,Kiên Giang,5,4,20.5,4.1,0.8044688644688645
2026-01-21,Lào Cai,2,2,16.5,8.25,0.736842105263158
2026-01-21,Lâm Đồng,4,4,25.5,6.375,0.6587643678160919
2026-01-21,Nghệ An,8,7,77.0,9.625,0.697156954887218
2026-01-21,Ninh Bình,1,1,7.5,7.5,0.92
2026-01-21,Phú Thọ,1,1,3.5,3.5,0.5833333333333333
2026-01-21,Quảng Nam,1,1,4.0,4.0,0.8666666666666667
2026-01-21,Quảng Ngãi,3,3,19.5,6.5,0.75
2026-01-21,Quảng Ninh,2,2,12.0,6.0,0.8863924854023864
2026-01-21,TP Hồ Chí Minh,18,13,84.0,4.666666666666667,0.8429065855347733
2026-01-21,Thanh Hóa,2,1,8.5,4.25,0.8675438596491228
2026-01-21,Thừa Thiên Huế,6,5,26.5,4.416666666666667,0.7573344236122764
2026-01-21,Tây Ninh,2,1,3.5,1.75,0.8397579560735096
2026-01-21,UNKNOWN,24,19,116.0,4.833333333333333,0.0
2026-01-21,Điện Biên,1,1,3.5,3.5,0.5833333333333333
2026-01-21,Đà Nẵng,3,3,22.5,7.5,0.6844806763285023
2026-01-21,Đồng Nai,2,1,3.5,1.75,0.8994746413416852
2026-01-22,An Giang,2,0,0.0,0.0,0.6600877192982456
2026-01-22,Bà Rịa - Vũng Tàu,1,1,4.0,4.0,0.863013698630137
2026-01-22,Cao Bằng,2,1,6.0,3.0,0.7493734335839599
2026-01-22,Hà Nội,16,15,111.5,6.96875,0.7713922033601481
2026-01-22,Hà Tĩnh,1,1,17.5,17.5,0.736842105263158
2026-01-22,Hòa Bình,1,1,2.5,2.5,0.7222222222222222
2026-01-22,Khánh Hòa,3,3,18.0,6.0,0.8465450525152018
2026-01-22,Kiên Giang,4,2,9.5,2.375,0.8450181159420291
2026-01-22,Lào Cai,3,2,13.0,4.333333333333333,0.795957284515637
2026-01-22,Lâm Đồng,6,4,26.0,4.333333333333333,0.8081408468628846
2026-01-22,Lạng Sơn,3,3,21.0,7.0,0.7418219461697723
2026-01-22,Nghệ An,8,8,63.5,7.9375,0.721999367379802
2026-01-22,Quảng Nam,3,3,23.5,7.833333333333333,0.6898597626752966
2026-01-22,Quảng Ngãi,1,1,7.0,7.0,0.8888888888888888
2026-01-22,Quảng Trị,2,1,11.0,5.5,0.8691412931919261
2026-01-22,TP Hồ Chí Minh,23,19,117.5,5.108695652173913,0.8425425383782745
2026-01-22,Thanh Hóa,3,2,23.5,7.833333333333333,0.7792838018741634
2026-01-22,Thái Nguyên,1,1,7.0,7.0,0.8850574712643678
2026-01-22,Thừa Thiên Huế,6,6,59.0,9.833333333333334,0.7354588149144776
2026-01-22,Tây Ninh,2,2,14.5,7.25,0.8479262672811061
2026-01-22,UNKNOWN,19,15,84.0,4.421052631578948,0.0
2026-01-22,Vĩnh Long,1,1,4.0,4.0,0.7826086956521738
2026-01-22,Điện Biên,2,1,3.5,1.75,0.6600877192982456
2026-01-22,Đà Nẵng,6,5,31.5,5.25,0.7684502820319619
2026-01-22,Đồng Nai,5,5,50.5,10.1,0.8500608934546111
2026-01-22,Đồng Tháp,4,3,19.0,4.75,0.6963141025641024
2026-01-23,An Giang,1,0,0.0,0.0,0.5833333333333333
2026-01-23,Bà Rịa - Vũng Tàu,2,0,0.0,0.0,0.8653846153846154
2026-01-23,Bình Dương,2,2,8.5,4.25,0.613095238095238
2026-01-23,Bình Thuận,1,1,5.5,5.5,0.8245614035087719
2026-01-23,Bắc Ninh,2,2,7.5,3.75,0.7758284600389864
2026-01-23,Cà Mau,2,1,3.5,1.75,0.736842105263158
2026-01-23,Cần Thơ,2,2,16.0,8.0,0.8350808213193535
2026-01-23,Gia Lai,8,5,31.5,3.9375,0.8321940835871766
2026-01-23,Hà Nam,1,1,3.0,3.0,0.5833333333333333
2026-01-23,Hà Nội,35,26,131.0,3.742857142857143,0.7519880256328698
2026-01-23,Hà Tĩnh,2,0,4.0,2.0,0.7807017543859649
2026-01-23,Hòa Bình,20,17,117.0,5.85,0.6842018398268396
2026-01-23,Hưng Yên,5,2,7.5,1.5,0.7346755442823928
2026-01-23,Khánh Hòa,5,4,21.0,4.2,0.800179694519317
2026-01-23,Kiên Giang,1,1,8.5,8.5,0.5833333333333333
2026-01-23,Lào Cai,2,1,7.5,3.75,0.6726190476190476
2026-01-23,Lâm Đồng,3,2,13.5,4.5,0.6874186833203226
2026-01-23,Lạng Sơn,1,1,2.5,2.5,0.8148148148148149
2026-01-23,Nghệ An,17,16,82.5,4.852941176470588,0.6805280915029673
2026-01-23,Ninh Bình,2,1,3.5,1.75,0.7797619047619047
2026-01-23,Phú Thọ,1,1,3.5,3.5,0.855072463768116
2026-01-23,Quảng Bình,1,1,4.5,4.5,0.736842105263158
2026-01-23,Quảng Nam,1,1,3.5,3.5,0.7916666666666667
2026-01-23,Quảng Ngãi,2,2,14.5,7.25,0.8799946366318048
2026-01-23,Quảng Ninh,1,1,6.5,6.5,0.8666666666666667
2026-01-23,Quảng Trị,3,2,20.5,6.833333333333333,0.7860534927782289
2026-01-23,Sơn La,2,2,20.5,10.25,0.814657611771364
2026-01-23,TP Hồ Chí Minh,41,27,195.0,4.7560975609756095,0.8240039306109214
2026-01-23,Thanh Hóa,2,2,14.5,7.25,0.7679924242424243
2026-01-23,Thừa Thiên Huế,12,12,99.5,8.291666666666666,0.7494093540622053
2026-01-23,Tuyên Quang,1,1,14.0,14.0,0.6428571428571428
2026-01-23,Tây Ninh,1,1,2.5,2.5,0.8611111111111112
2026-01-23,UNKNOWN,47,29,144.5,3.074468085106383,0.0
2026-01-23,Vĩnh Long,3,3,16.0,5.333333333333333,0.862663906142167
2026-01-23,Yên Bái,1,1,2.5,2.5,0.8666666666666667
2026-01-23,Điện Biên,4,4,44.5,11.125,0.7686076197957581
2026-01-23,Đà Nẵng,12,12,114.0,9.5,0.747720787842832
2026-01-23,Đắk Lắk,4,2,5.0,1.25,0.7801616109238614
2026-01-23,Đồng Nai,3,3,18.5,6.166666666666667,0.8216150086790543
2026-01-23,Đồng Tháp,4,3,25.0,6.25,0.7956241763008192
